"Label (Grouping)","Census Tract 4151, Fairfax County, Virginia!!Estimate","Census Tract 4152, Fairfax County, Virginia!!Estimate","Census Tract 4153, Fairfax County, Virginia!!Estimate","Census Tract 4154.01, Fairfax County, Virginia!!Estimate","Census Tract 4154.02, Fairfax County, Virginia!!Estimate","Census Tract 4155, Fairfax County, Virginia!!Estimate","Census Tract 4156, Fairfax County, Virginia!!Estimate","Census Tract 4157, Fairfax County, Virginia!!Estimate","Census Tract 4158, Fairfax County, Virginia!!Estimate","Census Tract 4159, Fairfax County, Virginia!!Estimate","Census Tract 4160, Fairfax County, Virginia!!Estimate","Census Tract 4161, Fairfax County, Virginia!!Estimate","Census Tract 4162, Fairfax County, Virginia!!Estimate","Census Tract 4163, Fairfax County, Virginia!!Estimate","Census Tract 4201, Fairfax County, Virginia!!Estimate","Census Tract 4202.01, Fairfax County, Virginia!!Estimate","Census Tract 4202.02, Fairfax County, Virginia!!Estimate","Census Tract 4202.03, Fairfax County, Virginia!!Estimate","Census Tract 4203, Fairfax County, Virginia!!Estimate","Census Tract 4204, Fairfax County, Virginia!!Estimate","Census Tract 4205.01, Fairfax County, Virginia!!Estimate","Census Tract 4205.02, Fairfax County, Virginia!!Estimate","Census Tract 4205.03, Fairfax County, Virginia!!Estimate","Census Tract 4206, Fairfax County, Virginia!!Estimate","Census Tract 4207, Fairfax County, Virginia!!Estimate","Census Tract 4208, Fairfax County, Virginia!!Estimate","Census Tract 4210.01, Fairfax County, Virginia!!Estimate","Census Tract 4210.02, Fairfax County, Virginia!!Estimate","Census Tract 4211.01, Fairfax County, Virginia!!Estimate","Census Tract 4211.02, Fairfax County, Virginia!!Estimate","Census Tract 4211.03, Fairfax County, Virginia!!Estimate","Census Tract 4212, Fairfax County, Virginia!!Estimate","Census Tract 4213, Fairfax County, Virginia!!Estimate","Census Tract 4214, Fairfax County, Virginia!!Estimate","Census Tract 4215, Fairfax County, Virginia!!Estimate","Census Tract 4216, Fairfax County, Virginia!!Estimate","Census Tract 4217.01, Fairfax County, Virginia!!Estimate","Census Tract 4217.02, Fairfax County, Virginia!!Estimate","Census Tract 4218, Fairfax County, Virginia!!Estimate","Census Tract 4219, Fairfax County, Virginia!!Estimate","Census Tract 4220, Fairfax County, Virginia!!Estimate","Census Tract 4221.01, Fairfax County, Virginia!!Estimate","Census Tract 4221.02, Fairfax County, Virginia!!Estimate","Census Tract 4222.01, Fairfax County, Virginia!!Estimate","Census Tract 4222.02, Fairfax County, Virginia!!Estimate","Census Tract 4223.01, Fairfax County, Virginia!!Estimate","Census Tract 4223.02, Fairfax County, Virginia!!Estimate","Census Tract 4224.01, Fairfax County, Virginia!!Estimate","Census Tract 4224.02, Fairfax County, Virginia!!Estimate","Census Tract 4224.03, Fairfax County, Virginia!!Estimate","Census Tract 4301.01, Fairfax County, Virginia!!Estimate","Census Tract 4301.02, Fairfax County, Virginia!!Estimate","Census Tract 4302.01, Fairfax County, Virginia!!Estimate","Census Tract 4302.02, Fairfax County, Virginia!!Estimate","Census Tract 4302.03, Fairfax County, Virginia!!Estimate","Census Tract 4304, Fairfax County, Virginia!!Estimate","Census Tract 4305, Fairfax County, Virginia!!Estimate","Census Tract 4306, Fairfax County, Virginia!!Estimate","Census Tract 4307, Fairfax County, Virginia!!Estimate","Census Tract 4308.01, Fairfax County, Virginia!!Estimate","Census Tract 4308.02, Fairfax County, Virginia!!Estimate","Census Tract 4309.01, Fairfax County, Virginia!!Estimate","Census Tract 4309.02, Fairfax County, Virginia!!Estimate","Census Tract 4310.01, Fairfax County, Virginia!!Estimate","Census Tract 4310.02, Fairfax County, Virginia!!Estimate","Census Tract 4313, Fairfax County, Virginia!!Estimate","Census Tract 4314, Fairfax County, Virginia!!Estimate","Census Tract 4315, Fairfax County, Virginia!!Estimate","Census Tract 4316, Fairfax County, Virginia!!Estimate","Census Tract 4318.01, Fairfax County, Virginia!!Estimate","Census Tract 4318.02, Fairfax County, Virginia!!Estimate","Census Tract 4319, Fairfax County, Virginia!!Estimate","Census Tract 4320, Fairfax County, Virginia!!Estimate","Census Tract 4321, Fairfax County, Virginia!!Estimate","Census Tract 4322.01, Fairfax County, Virginia!!Estimate","Census Tract 4322.02, Fairfax County, Virginia!!Estimate","Census Tract 4323, Fairfax County, Virginia!!Estimate","Census Tract 4324.01, Fairfax County, Virginia!!Estimate","Census Tract 4324.02, Fairfax County, Virginia!!Estimate","Census Tract 4325, Fairfax County, Virginia!!Estimate","Census Tract 4326, Fairfax County, Virginia!!Estimate","Census Tract 4327.01, Fairfax County, Virginia!!Estimate","Census Tract 4327.02, Fairfax County, Virginia!!Estimate","Census Tract 4328, Fairfax County, Virginia!!Estimate","Census Tract 4401, Fairfax County, Virginia!!Estimate","Census Tract 4402.01, Fairfax County, Virginia!!Estimate","Census Tract 4402.02, Fairfax County, Virginia!!Estimate","Census Tract 4403, Fairfax County, Virginia!!Estimate","Census Tract 4405.01, Fairfax County, Virginia!!Estimate","Census Tract 4405.02, Fairfax County, Virginia!!Estimate","Census Tract 4406, Fairfax County, Virginia!!Estimate","Census Tract 4407.01, Fairfax County, Virginia!!Estimate","Census Tract 4407.02, Fairfax County, Virginia!!Estimate","Census Tract 4408, Fairfax County, Virginia!!Estimate","Census Tract 4501, Fairfax County, Virginia!!Estimate","Census Tract 4502, Fairfax County, Virginia!!Estimate","Census Tract 4503, Fairfax County, Virginia!!Estimate","Census Tract 4504, Fairfax County, Virginia!!Estimate","Census Tract 4505, Fairfax County, Virginia!!Estimate","Census Tract 4506.01, Fairfax County, Virginia!!Estimate","Census Tract 4506.02, Fairfax County, Virginia!!Estimate","Census Tract 4507.01, Fairfax County, Virginia!!Estimate","Census Tract 4507.02, Fairfax County, Virginia!!Estimate","Census Tract 4508, Fairfax County, Virginia!!Estimate","Census Tract 4509, Fairfax County, Virginia!!Estimate","Census Tract 4510, Fairfax County, Virginia!!Estimate","Census Tract 4511, Fairfax County, Virginia!!Estimate","Census Tract 4512, Fairfax County, Virginia!!Estimate","Census Tract 4513, Fairfax County, Virginia!!Estimate","Census Tract 4514, Fairfax County, Virginia!!Estimate","Census Tract 4515.01, Fairfax County, Virginia!!Estimate","Census Tract 4515.02, Fairfax County, Virginia!!Estimate","Census Tract 4516.01, Fairfax County, Virginia!!Estimate","Census Tract 4516.02, Fairfax County, Virginia!!Estimate","Census Tract 4518, Fairfax County, Virginia!!Estimate","Census Tract 4519, Fairfax County, Virginia!!Estimate","Census Tract 4520, Fairfax County, Virginia!!Estimate","Census Tract 4521.01, Fairfax County, Virginia!!Estimate","Census Tract 4521.02, Fairfax County, Virginia!!Estimate","Census Tract 4522, Fairfax County, Virginia!!Estimate","Census Tract 4523.01, Fairfax County, Virginia!!Estimate","Census Tract 4523.02, Fairfax County, Virginia!!Estimate","Census Tract 4524, Fairfax County, Virginia!!Estimate","Census Tract 4525.01, Fairfax County, Virginia!!Estimate","Census Tract 4525.02, Fairfax County, Virginia!!Estimate","Census Tract 4526, Fairfax County, Virginia!!Estimate","Census Tract 4527, Fairfax County, Virginia!!Estimate","Census Tract 4528.01, Fairfax County, Virginia!!Estimate","Census Tract 4528.02, Fairfax County, Virginia!!Estimate","Census Tract 4601, Fairfax County, Virginia!!Estimate","Census Tract 4602, Fairfax County, Virginia!!Estimate","Census Tract 4603, Fairfax County, Virginia!!Estimate","Census Tract 4604, Fairfax County, Virginia!!Estimate","Census Tract 4605.01, Fairfax County, Virginia!!Estimate","Census Tract 4605.02, Fairfax County, Virginia!!Estimate","Census Tract 4606, Fairfax County, Virginia!!Estimate","Census Tract 4607.01, Fairfax County, Virginia!!Estimate","Census Tract 4607.02, Fairfax County, Virginia!!Estimate","Census Tract 4608, Fairfax County, Virginia!!Estimate","Census Tract 4609, Fairfax County, Virginia!!Estimate","Census Tract 4610, Fairfax County, Virginia!!Estimate","Census Tract 4611, Fairfax County, Virginia!!Estimate","Census Tract 4612.01, Fairfax County, Virginia!!Estimate","Census Tract 4612.02, Fairfax County, Virginia!!Estimate","Census Tract 4615, Fairfax County, Virginia!!Estimate","Census Tract 4616.01, Fairfax County, Virginia!!Estimate","Census Tract 4616.02, Fairfax County, Virginia!!Estimate","Census Tract 4617, Fairfax County, Virginia!!Estimate","Census Tract 4618.01, Fairfax County, Virginia!!Estimate","Census Tract 4618.02, Fairfax County, Virginia!!Estimate","Census Tract 4619.01, Fairfax County, Virginia!!Estimate","Census Tract 4619.02, Fairfax County, Virginia!!Estimate","Census Tract 4701, Fairfax County, Virginia!!Estimate","Census Tract 4703, Fairfax County, Virginia!!Estimate","Census Tract 4704, Fairfax County, Virginia!!Estimate","Census Tract 4705, Fairfax County, Virginia!!Estimate","Census Tract 4706, Fairfax County, Virginia!!Estimate","Census Tract 4707, Fairfax County, Virginia!!Estimate","Census Tract 4708, Fairfax County, Virginia!!Estimate","Census Tract 4709, Fairfax County, Virginia!!Estimate","Census Tract 4710, Fairfax County, Virginia!!Estimate","Census Tract 4711, Fairfax County, Virginia!!Estimate","Census Tract 4712.01, Fairfax County, Virginia!!Estimate","Census Tract 4712.02, Fairfax County, Virginia!!Estimate","Census Tract 4713.01, Fairfax County, Virginia!!Estimate","Census Tract 4713.03, Fairfax County, Virginia!!Estimate","Census Tract 4713.04, Fairfax County, Virginia!!Estimate","Census Tract 4714.01, Fairfax County, Virginia!!Estimate","Census Tract 4714.02, Fairfax County, Virginia!!Estimate","Census Tract 4801, Fairfax County, Virginia!!Estimate","Census Tract 4802.01, Fairfax County, Virginia!!Estimate","Census Tract 4802.02, Fairfax County, Virginia!!Estimate","Census Tract 4802.03, Fairfax County, Virginia!!Estimate","Census Tract 4803, Fairfax County, Virginia!!Estimate","Census Tract 4804.01, Fairfax County, Virginia!!Estimate","Census Tract 4804.02, Fairfax County, Virginia!!Estimate","Census Tract 4805.01, Fairfax County, Virginia!!Estimate","Census Tract 4805.02, Fairfax County, Virginia!!Estimate","Census Tract 4805.03, Fairfax County, Virginia!!Estimate","Census Tract 4805.04, Fairfax County, Virginia!!Estimate","Census Tract 4805.05, Fairfax County, Virginia!!Estimate","Census Tract 4808.01, Fairfax County, Virginia!!Estimate","Census Tract 4808.02, Fairfax County, Virginia!!Estimate","Census Tract 4809.01, Fairfax County, Virginia!!Estimate","Census Tract 4809.02, Fairfax County, Virginia!!Estimate","Census Tract 4809.03, Fairfax County, Virginia!!Estimate","Census Tract 4810, Fairfax County, Virginia!!Estimate","Census Tract 4811.01, Fairfax County, Virginia!!Estimate","Census Tract 4811.02, Fairfax County, Virginia!!Estimate","Census Tract 4811.03, Fairfax County, Virginia!!Estimate","Census Tract 4811.04, Fairfax County, Virginia!!Estimate","Census Tract 4811.05, Fairfax County, Virginia!!Estimate","Census Tract 4811.06, Fairfax County, Virginia!!Estimate","Census Tract 4812.01, Fairfax County, Virginia!!Estimate","Census Tract 4812.02, Fairfax County, Virginia!!Estimate","Census Tract 4814, Fairfax County, Virginia!!Estimate","Census Tract 4815, Fairfax County, Virginia!!Estimate","Census Tract 4816, Fairfax County, Virginia!!Estimate","Census Tract 4817.01, Fairfax County, Virginia!!Estimate","Census Tract 4817.02, Fairfax County, Virginia!!Estimate","Census Tract 4819, Fairfax County, Virginia!!Estimate","Census Tract 4820.01, Fairfax County, Virginia!!Estimate","Census Tract 4820.02, Fairfax County, Virginia!!Estimate","Census Tract 4821, Fairfax County, Virginia!!Estimate","Census Tract 4822.01, Fairfax County, Virginia!!Estimate","Census Tract 4822.02, Fairfax County, Virginia!!Estimate","Census Tract 4822.03, Fairfax County, Virginia!!Estimate","Census Tract 4823.01, Fairfax County, Virginia!!Estimate","Census Tract 4823.02, Fairfax County, Virginia!!Estimate","Census Tract 4823.03, Fairfax County, Virginia!!Estimate","Census Tract 4824, Fairfax County, Virginia!!Estimate","Census Tract 4825.01, Fairfax County, Virginia!!Estimate","Census Tract 4825.02, Fairfax County, Virginia!!Estimate","Census Tract 4825.03, Fairfax County, Virginia!!Estimate","Census Tract 4825.04, Fairfax County, Virginia!!Estimate","Census Tract 4826.01, Fairfax County, Virginia!!Estimate","Census Tract 4826.02, Fairfax County, Virginia!!Estimate","Census Tract 4901.01, Fairfax County, Virginia!!Estimate","Census Tract 4901.03, Fairfax County, Virginia!!Estimate","Census Tract 4905.01, Fairfax County, Virginia!!Estimate","Census Tract 4905.02, Fairfax County, Virginia!!Estimate","Census Tract 4910, Fairfax County, Virginia!!Estimate","Census Tract 4911.01, Fairfax County, Virginia!!Estimate","Census Tract 4911.02, Fairfax County, Virginia!!Estimate","Census Tract 4911.03, Fairfax County, Virginia!!Estimate","Census Tract 4912.01, Fairfax County, Virginia!!Estimate","Census Tract 4912.02, Fairfax County, Virginia!!Estimate","Census Tract 4913.01, Fairfax County, Virginia!!Estimate","Census Tract 4913.02, Fairfax County, Virginia!!Estimate","Census Tract 4913.03, Fairfax County, Virginia!!Estimate","Census Tract 4914.01, Fairfax County, Virginia!!Estimate","Census Tract 4914.02, Fairfax County, Virginia!!Estimate","Census Tract 4914.03, Fairfax County, Virginia!!Estimate","Census Tract 4914.04, Fairfax County, Virginia!!Estimate","Census Tract 4914.05, Fairfax County, Virginia!!Estimate","Census Tract 4915.01, Fairfax County, Virginia!!Estimate","Census Tract 4915.02, Fairfax County, Virginia!!Estimate","Census Tract 4916.01, Fairfax County, Virginia!!Estimate","Census Tract 4916.02, Fairfax County, Virginia!!Estimate","Census Tract 4917.01, Fairfax County, Virginia!!Estimate","Census Tract 4917.02, Fairfax County, Virginia!!Estimate","Census Tract 4917.03, Fairfax County, Virginia!!Estimate","Census Tract 4917.04, Fairfax County, Virginia!!Estimate","Census Tract 4917.05, Fairfax County, Virginia!!Estimate","Census Tract 4918.01, Fairfax County, Virginia!!Estimate","Census Tract 4918.02, Fairfax County, Virginia!!Estimate","Census Tract 4918.03, Fairfax County, Virginia!!Estimate","Census Tract 4920, Fairfax County, Virginia!!Estimate","Census Tract 4921, Fairfax County, Virginia!!Estimate","Census Tract 4922.01, Fairfax County, Virginia!!Estimate","Census Tract 4922.02, Fairfax County, Virginia!!Estimate","Census Tract 4922.03, Fairfax County, Virginia!!Estimate","Census Tract 4923, Fairfax County, Virginia!!Estimate","Census Tract 4924, Fairfax County, Virginia!!Estimate","Census Tract 4925, Fairfax County, Virginia!!Estimate","Census Tract 9801, Fairfax County, Virginia!!Estimate","Census Tract 9802, Fairfax County, Virginia!!Estimate","Census Tract 9803, Fairfax County, Virginia!!Estimate","Fairfax County, Virginia!!Estimate"
"Total:","3,729","3,066","3,706","4,876","2,902","5,905","2,734","3,843","4,873","3,273","5,839","3,573","4,314","1,960","4,234","4,124","1,929","2,799","6,102","3,063","1,788","1,758","3,342","4,715","4,571","4,084","2,680","4,686","6,184","3,531","5,414","2,011","3,892","9,074","7,307","6,538","5,182","5,001","6,458","2,296","3,548","7,416","7,217","3,330","6,524","3,173","5,754","2,662","5,299","3,015","4,647","3,270","4,719","5,124","2,669","7,185","1,784","7,455","2,768","4,603","4,079","4,246","3,556","4,849","2,432","4,239","4,579","5,339","8,236","4,394","3,278","3,096","3,592","3,918","2,246","4,683","5,254","3,608","4,778","5,562","4,765","3,029","4,421","2,317","7,382","3,176","5,713","2,611","5,126","6,569","3,116","2,995","5,650","6,068","5,169","4,337","4,765","2,783","3,124","4,221","4,675","2,932","4,738","3,447","1,686","2,456","2,318","1,640","2,500","3,240","5,316","5,123","6,024","2,664","3,667","5,356","3,058","5,538","3,415","7,227","3,354","5,303","7,326","3,720","5,774","7,807","5,412","5,669","2,855","4,320","4,158","2,942","5,152","2,568","7,626","3,875","3,517","4,584","3,236","2,516","2,571","7,169","4,596","6,358","6,839","8,074","5,564","6,218","1,527","5,259","4,018","2,037","2,613","3,197","4,659","5,315","2,612","5,195","2,967","6,882","2,182","6,907","3,417","5,042","4,564","4,299","1,824","3,925","3,270","4,060","4,564","4,874","2,751","7,389","4,186","5,793","3,335","5,735","3,217","1,964","3,099","5,242","3,823","7,243","4,018","4,172","6,725","2,439","3,627","3,771","3,004","5,431","5,413","1,147","6,340","7,153","2,241","3,282","6,229","4,797","6,273","4,815","3,275","3,602","2,387","3,769","4,194","4,779","4,615","3,481","2,292","10,126","2,932","4,864","5,181","7,320","7,548","5,506","6,345","3,231","6,365","1,799","3,742","3,315","6,295","6,471","1,607","7,511","3,514","4,554","5,018","4,784","3,816","3,912","2,838","7,284","7,095","5,142","5,839","4,098","7,373","4,626","4,811","3,446","2,507","3,022","6,934","6,622","6,184","2,995","6,500","3,976","3,393","4,541","4,067","5","0","0","1,130,253"
"    Male:","1,828","1,206","1,756","2,543","1,427","2,973","1,304","2,003","2,387","1,426","2,978","1,807","2,002","1,026","2,278","1,964","947","1,399","2,929","1,496","990","895","1,648","2,264","2,128","1,712","1,397","2,303","3,087","1,628","2,557","964","1,881","4,565","4,085","3,246","2,445","2,521","3,345","1,070","1,738","3,569","3,029","1,532","3,142","1,449","2,649","1,384","2,531","1,469","2,226","1,620","2,526","2,706","1,256","3,599","867","3,906","1,392","2,245","1,837","2,214","1,820","2,455","1,123","2,134","2,252","2,607","3,636","2,117","1,592","1,511","1,607","1,840","1,004","2,133","2,655","1,793","2,336","2,738","2,385","1,384","2,095","1,079","3,520","1,477","2,781","1,298","2,335","3,097","1,565","1,544","2,773","2,995","2,751","2,141","2,502","1,303","1,699","2,197","2,396","1,533","2,731","1,652","869","1,258","1,113","835","1,228","1,624","2,550","2,752","3,222","1,423","1,833","2,593","1,376","2,718","1,736","3,506","1,717","2,791","3,432","1,856","2,981","3,946","2,376","2,536","1,304","2,129","2,090","1,429","2,683","1,305","3,601","1,882","1,787","2,338","1,529","1,234","1,248","3,628","2,285","3,112","3,216","4,411","2,986","3,118","709","2,658","1,924","1,018","1,332","1,549","2,183","2,676","1,297","2,420","1,390","3,287","1,115","3,703","1,596","2,438","2,278","2,409","867","2,067","1,667","1,888","2,040","2,524","1,266","3,607","2,161","2,883","1,636","2,907","1,734","894","1,602","2,701","1,922","3,556","2,049","1,839","3,734","1,206","1,596","1,796","1,557","2,695","2,739","594","3,127","3,299","1,099","1,651","3,148","2,150","3,014","2,359","1,382","1,748","1,215","1,748","2,041","2,168","2,273","1,656","1,140","5,199","1,513","2,428","2,461","3,671","3,867","2,653","3,137","1,689","3,128","836","1,802","1,755","3,090","3,136","836","3,852","1,639","2,258","2,346","2,179","1,893","1,932","1,502","3,425","3,619","2,481","2,971","1,740","3,862","2,281","2,364","1,649","1,345","1,470","3,382","3,330","3,135","1,425","3,043","1,939","1,677","2,208","2,113","0","0","0","556,656"
"        Under 5 years:","91","49","93","162","95","350","109","232","170","68","273","103","483","48","109","193","40","153","242","79","27","26","219","165","139","68","58","149","270","127","248","80","130","487","548","192","356","143","286","306","111","429","124","63","82","77","49","112","344","123","161","47","120","192","54","330","54","336","53","166","133","109","62","89","46","204","218","270","130","110","105","107","127","111","43","170","171","49","104","153","115","62","321","73","85","134","388","40","93","36","116","51","189","82","204","129","269","79","64","147","129","152","156","39","63","120","71","15","82","157","183","184","342","98","166","258","103","136","34","287","42","293","303","156","197","445","203","92","63","69","159","51","178","92","229","180","124","139","77","48","90","379","84","168","131","313","73","168","76","101","78","114","46","72","123","151","50","122","47","192","85","342","159","222","133","205","73","157","190","55","100","172","47","164","105","155","68","233","124","55","87","207","137","238","205","196","357","121","132","219","116","100","216","23","218","267","15","90","108","167","146","129","126","114","109","26","59","173","303","41","58","565","60","123","78","318","215","109","273","110","187","32","109","100","457","264","37","301","116","120","189","153","111","45","100","166","64","244","161","120","177","98","113","66","137","109","182","151","114","56","159","125","90","185","46","0","0","0","37,956"
"            With a disability","0","0","0","0","0","0","0","0","0","0","0","0","0","0","0","0","0","0","0","0","0","0","0","0","0","0","0","0","0","0","0","0","0","0","0","0","0","0","0","0","0","0","0","0","0","0","0","0","25","0","0","0","0","0","0","36","0","0","0","0","0","0","0","0","0","0","0","0","0","0","0","0","0","0","0","0","0","0","0","0","0","0","0","0","0","0","6","0","0","0","0","0","0","0","0","0","0","0","0","0","0","0","71","0","0","0","0","0","0","0","0","0","0","0","0","0","0","33","0","0","0","0","0","0","0","0","0","0","0","0","0","0","0","0","0","0","10","0","0","0","0","0","0","0","0","0","0","18","0","0","0","0","0","0","11","0","0","0","0","0","0","0","0","0","0","0","0","0","0","0","0","0","0","0","0","0","0","0","0","0","0","0","0","0","43","0","0","0","0","0","0","0","0","0","0","0","0","17","0","0","0","0","0","32","30","0","0","19","0","0","0","0","0","0","0","0","0","0","0","0","0","0","0","0","0","0","0","0","0","0","0","0","0","0","0","0","0","0","0","0","13","0","0","0","0","0","0","0","0","0","0","0","0","0","0","0","0","0","364"
"            No disability","91","49","93","162","95","350","109","232","170","68","273","103","483","48","109","193","40","153","242","79","27","26","219","165","139","68","58","149","270","127","248","80","130","487","548","192","356","143","286","306","111","429","124","63","82","77","49","112","319","123","161","47","120","192","54","294","54","336","53","166","133","109","62","89","46","204","218","270","130","110","105","107","127","111","43","170","171","49","104","153","115","62","321","73","85","134","382","40","93","36","116","51","189","82","204","129","269","79","64","147","129","152","85","39","63","120","71","15","82","157","183","184","342","98","166","258","103","103","34","287","42","293","303","156","197","445","203","92","63","69","159","51","178","92","229","180","114","139","77","48","90","379","84","168","131","313","73","150","76","101","78","114","46","72","112","151","50","122","47","192","85","342","159","222","133","205","73","157","190","55","100","172","47","164","105","155","68","233","124","55","87","207","137","238","162","196","357","121","132","219","116","100","216","23","218","267","15","73","108","167","146","129","126","82","79","26","59","154","303","41","58","565","60","123","78","318","215","109","273","110","187","32","109","100","457","264","37","301","116","120","189","153","111","45","100","166","64","244","161","120","164","98","113","66","137","109","182","151","114","56","159","125","90","185","46","0","0","0","37,592"
"        5 to 17 years:","395","124","248","629","163","845","172","549","587","243","625","335","958","240","364","344","84","206","650","18","56","43","137","438","366","183","270","423","507","252","416","171","252","848","942","762","449","623","586","354","236","557","726","327","872","338","443","149","373","223","326","247","540","484","221","674","145","616","227","395","246","486","424","523","251","447","329","549","529","495","309","285","356","289","132","328","445","387","495","560","665","209","293","248","794","17","295","265","510","165","283","336","602","714","259","267","421","217","282","247","308","218","482","194","107","174","150","177","239","208","394","402","842","236","216","476","273","413","263","469","252","541","571","218","429","356","549","312","99","516","464","333","432","270","703","281","456","650","243","325","294","733","538","552","432","713","175","404","143","481","258","211","296","299","444","602","246","492","355","828","207","609","117","298","392","237","214","292","233","411","354","264","197","703","586","510","371","526","322","162","204","446","270","650","245","389","825","98","244","512","337","638","543","98","646","466","187","415","723","452","406","478","104","338","147","112","240","202","479","262","240","888","399","578","479","775","896","414","690","288","678","194","370","339","487","599","96","835","182","259","386","426","450","394","315","491","860","437","551","169","772","237","334","381","129","299","632","557","568","290","566","359","462","395","371","0","0","0","100,345"
"            With a disability","0","13","23","53","0","18","0","0","17","0","33","0","106","0","0","0","0","0","30","0","0","0","0","0","7","0","0","8","39","0","19","9","15","15","31","19","20","10","28","52","1","62","45","14","17","15","0","0","16","4","11","6","10","9","0","23","13","42","3","0","0","10","5","27","30","18","8","9","0","0","70","10","62","31","4","7","25","16","17","36","71","0","22","19","18","0","0","8","16","21","0","29","14","31","0","13","10","5","5","32","8","8","11","8","4","13","0","0","13","0","16","0","61","17","8","18","9","33","0","37","0","48","38","0","0","0","21","65","18","39","6","5","8","10","56","0","0","0","0","0","0","0","30","0","0","0","0","39","16","0","9","0","12","24","0","0","32","12","3","0","0","27","0","0","36","0","8","7","45","0","9","9","0","17","29","12","26","26","0","5","0","25","13","82","45","9","7","0","0","0","33","45","22","0","55","18","8","7","20","0","25","14","0","6","6","11","0","0","28","0","0","42","0","11","8","22","44","105","61","43","50","0","0","28","0","45","22","0","16","0","67","8","20","14","15","0","40","21","10","0","20","0","0","4","0","19","0","0","12","10","0","8","24","10","5","0","0","0","3,849"
"            No disability","395","111","225","576","163","827","172","549","570","243","592","335","852","240","364","344","84","206","620","18","56","43","137","438","359","183","270","415","468","252","397","162","237","833","911","743","429","613","558","302","235","495","681","313","855","323","443","149","357","219","315","241","530","475","221","651","132","574","224","395","246","476","419","496","221","429","321","540","529","495","239","275","294","258","128","321","420","371","478","524","594","209","271","229","776","17","295","257","494","144","283","307","588","683","259","254","411","212","277","215","300","210","471","186","103","161","150","177","226","208","378","402","781","219","208","458","264","380","263","432","252","493","533","218","429","356","528","247","81","477","458","328","424","260","647","281","456","650","243","325","294","733","508","552","432","713","175","365","127","481","249","211","284","275","444","602","214","480","352","828","207","582","117","298","356","237","206","285","188","411","345","255","197","686","557","498","345","500","322","157","204","421","257","568","200","380","818","98","244","512","304","593","521","98","591","448","179","408","703","452","381","464","104","332","141","101","240","202","451","262","240","846","399","567","471","753","852","309","629","245","628","194","370","311","487","554","74","835","166","259","319","418","430","380","300","491","820","416","541","169","752","237","334","377","129","280","632","557","556","280","566","351","438","385","366","0","0","0","96,496"
"        18 to 34 years:","259","284","347","774","291","237","58","191","293","140","652","190","335","107","614","339","394","261","440","703","167","290","637","617","448","527","365","586","875","324","412","143","343","1,378","1,052","633","677","596","1,225","243","369","1,060","781","255","648","337","630","481","740","227","399","452","715","710","329","587","243","1,107","348","378","446","595","283","436","262","316","532","448","882","317","288","224","271","392","327","591","664","331","512","482","216","204","508","255","476","603","690","155","333","2,397","422","240","459","330","902","589","682","190","430","348","765","338","822","336","199","190","145","87","152","511","590","744","889","422","474","670","404","630","362","960","349","737","469","416","958","882","427","664","272","142","155","177","631","208","821","197","301","247","237","88","189","513","219","594","746","1,392","1,661","1,187","193","911","498","300","105","138","247","458","83","356","140","311","201","994","522","853","832","935","83","625","415","217","226","921","299","395","227","407","271","533","395","171","524","683","437","739","526","498","1,200","375","480","273","377","394","374","89","952","577","130","113","438","524","924","297","246","382","391","482","497","373","661","284","140","1,653","215","303","392","594","563","672","514","591","469","98","276","322","648","758","293","956","517","731","473","587","269","397","281","897","530","639","698","495","1,412","974","922","330","471","339","647","527","474","185","416","263","275","548","361","0","0","0","124,457"
"            With a disability","27","1","35","0","30","0","19","0","0","0","16","21","52","4","14","0","0","5","0","16","0","5","0","0","38","38","67","42","105","0","5","0","63","45","53","50","46","8","75","20","35","45","107","11","34","27","34","75","96","4","23","14","30","97","21","1","22","10","10","26","33","25","11","0","13","0","41","1","26","36","0","12","20","15","0","7","37","25","10","80","33","19","9","0","0","0","54","21","20","85","24","26","19","25","0","59","0","15","5","0","13","0","37","15","0","17","5","11","0","0","14","19","48","0","42","44","29","19","37","22","19","18","0","0","21","0","0","99","9","0","19","0","88","17","25","10","61","31","0","0","0","24","0","39","30","53","51","0","4","12","51","0","0","24","12","27","0","0","29","54","11","49","0","38","18","15","0","0","2","24","23","38","0","0","26","58","29","19","0","0","0","17","11","104","9","41","0","0","20","0","21","23","41","4","18","20","0","15","26","9","40","32","0","0","49","21","55","0","9","9","19","32","13","23","0","0","14","55","33","7","53","0","38","20","76","31","10","12","18","53","39","48","10","0","28","0","57","53","0","24","13","0","0","32","0","33","40","129","18","48","0","11","0","12","0","0","0","0","5,673"
"            No disability","232","283","312","774","261","237","39","191","293","140","636","169","283","103","600","339","394","256","440","687","167","285","637","617","410","489","298","544","770","324","407","143","280","1,333","999","583","631","588","1,150","223","334","1,015","674","244","614","310","596","406","644","223","376","438","685","613","308","586","221","1,097","338","352","413","570","272","436","249","316","491","447","856","281","288","212","251","377","327","584","627","306","502","402","183","185","499","255","476","603","636","134","313","2,312","398","214","440","305","902","530","682","175","425","348","752","338","785","321","199","173","140","76","152","511","576","725","841","422","432","626","375","611","325","938","330","719","469","416","937","882","427","565","263","142","136","177","543","191","796","187","240","216","237","88","189","489","219","555","716","1,339","1,610","1,187","189","899","447","300","105","114","235","431","83","356","111","257","190","945","522","815","814","920","83","625","413","193","203","883","299","395","201","349","242","514","395","171","524","666","426","635","517","457","1,200","375","460","273","356","371","333","85","934","557","130","98","412","515","884","265","246","382","342","461","442","373","652","275","121","1,621","202","280","392","594","549","617","481","584","416","98","238","302","572","727","283","944","499","678","434","539","259","397","253","897","473","586","698","471","1,399","974","922","298","471","306","607","398","456","137","416","252","275","536","361","0","0","0","118,784"
"        35 to 64 years:","730","559","804","811","630","1,095","664","754","978","699","1,142","819","226","454","930","917","372","599","1,299","600","364","492","597","869","846","676","646","815","1,224","635","1,177","405","788","1,398","1,295","1,496","839","865","1,099","160","707","1,412","1,198","690","1,458","609","1,189","514","950","712","934","681","914","979","494","1,465","295","1,366","610","977","783","814","762","1,103","445","854","883","970","1,287","1,040","640","650","642","722","439","779","929","725","821","1,178","1,068","622","762","409","1,600","572","1,105","530","984","382","602","620","1,087","1,249","1,127","955","1,005","628","705","1,105","962","622","1,140","757","336","566","504","361","574","564","1,094","1,001","1,063","497","693","852","438","1,118","915","1,487","930","1,098","1,617","805","1,162","2,018","902","1,102","512","1,020","984","614","998","522","1,434","881","774","1,066","775","559","523","1,450","985","1,595","1,562","1,560","904","1,076","245","958","851","375","530","648","921","973","599","1,044","630","1,428","479","1,440","641","861","843","824","382","738","647","763","936","968","413","1,434","920","1,284","758","1,268","706","411","691","1,135","895","1,476","937","656","1,182","577","691","689","663","1,282","1,251","283","1,032","1,375","483","704","1,288","828","1,105","1,103","661","731","465","788","926","1,027","762","822","499","1,925","733","1,228","1,254","1,769","1,725","1,117","1,434","605","1,309","382","853","762","1,314","1,321","398","1,578","714","1,019","1,153","837","826","932","624","1,529","1,762","1,023","1,253","747","1,332","890","989","724","529","572","1,507","1,434","1,362","600","1,410","926","720","900","840","0","0","0","228,263"
"            With a disability","22","65","66","47","43","166","90","19","52","17","134","39","0","10","54","66","41","24","24","103","30","46","58","43","58","50","37","62","24","8","51","5","39","123","183","97","64","43","230","9","17","119","42","17","103","70","73","20","42","32","37","65","32","70","20","76","0","62","20","45","42","81","16","39","25","60","43","15","110","151","19","27","38","40","33","30","29","74","24","101","39","58","40","19","83","11","113","40","68","6","25","17","20","44","81","66","86","41","38","51","42","45","13","54","26","34","48","13","20","10","118","92","14","37","43","93","14","44","179","110","61","20","37","35","137","97","100","120","19","70","113","15","52","13","80","51","5","59","28","28","35","71","26","156","152","90","60","0","7","14","107","38","0","24","24","0","43","59","26","29","24","100","56","113","18","15","27","28","34","10","20","19","0","19","39","26","9","48","12","26","54","27","37","38","25","94","95","0","20","54","31","38","51","15","97","85","38","13","7","60","57","43","21","16","44","58","8","0","6","57","26","242","30","69","64","183","10","46","63","49","13","14","17","0","118","43","38","63","90","52","162","100","28","76","12","2","102","41","112","9","43","90","56","16","71","31","89","62","43","26","32","40","11","44","56","0","0","0","12,813"
"            No disability","708","494","738","764","587","929","574","735","926","682","1,008","780","226","444","876","851","331","575","1,275","497","334","446","539","826","788","626","609","753","1,200","627","1,126","400","749","1,275","1,112","1,399","775","822","869","151","690","1,293","1,156","673","1,355","539","1,116","494","908","680","897","616","882","909","474","1,389","295","1,304","590","932","741","733","746","1,064","420","794","840","955","1,177","889","621","623","604","682","406","749","900","651","797","1,077","1,029","564","722","390","1,517","561","992","490","916","376","577","603","1,067","1,205","1,046","889","919","587","667","1,054","920","577","1,127","703","310","532","456","348","554","554","976","909","1,049","460","650","759","424","1,074","736","1,377","869","1,078","1,580","770","1,025","1,921","802","982","493","950","871","599","946","509","1,354","830","769","1,007","747","531","488","1,379","959","1,439","1,410","1,470","844","1,076","238","944","744","337","530","624","897","973","556","985","604","1,399","455","1,340","585","748","825","809","355","710","613","753","916","949","413","1,415","881","1,258","749","1,220","694","385","637","1,108","858","1,438","912","562","1,087","577","671","635","632","1,244","1,200","268","935","1,290","445","691","1,281","768","1,048","1,060","640","715","421","730","918","1,027","756","765","473","1,683","703","1,159","1,190","1,586","1,715","1,071","1,371","556","1,296","368","836","762","1,196","1,278","360","1,515","624","967","991","737","798","856","612","1,527","1,660","982","1,141","738","1,289","800","933","708","458","541","1,418","1,372","1,319","574","1,378","886","709","856","784","0","0","0","215,450"
"        65 to 74 years:","207","148","169","103","159","320","157","124","168","180","110","200","0","112","144","101","56","117","145","72","159","22","58","138","173","184","18","263","211","140","167","77","230","363","191","99","90","222","144","0","113","80","176","128","82","80","263","91","74","120","326","140","167","250","114","300","77","347","122","200","136","188","147","218","77","181","225","282","303","105","171","151","128","183","47","212","370","274","287","283","262","217","133","75","211","129","220","178","252","92","90","196","207","294","171","146","101","156","121","229","156","120","77","177","110","130","157","113","138","84","145","228","48","140","195","200","128","307","87","209","90","89","219","183","172","176","223","244","208","225","179","155","268","138","263","163","70","111","124","107","121","276","257","137","223","225","128","239","12","155","144","18","222","195","281","270","183","170","131","242","75","176","105","122","52","138","56","183","143","299","260","108","104","424","212","348","130","251","155","76","96","195","120","291","113","29","128","0","15","9","19","233","308","72","162","247","166","238","437","132","234","266","157","115","63","199","189","238","35","198","150","116","96","132","199","161","312","202","157","68","392","112","145","172","126","172","0","112","89","71","95","104","201","134","159","217","336","121","243","137","131","82","6","105","65","109","257","380","437","200","383","205","96","147","332","0","0","0","42,211"
"            With a disability","39","8","73","0","10","24","7","28","17","53","17","16","0","8","69","18","0","13","16","15","0","0","0","43","66","0","6","89","80","25","28","5","42","119","96","52","0","0","17","0","31","12","29","25","40","13","62","21","44","19","37","12","8","60","17","35","27","43","19","10","10","28","12","59","24","39","37","55","138","6","54","35","30","29","0","24","32","40","33","24","55","57","0","19","27","55","37","17","36","11","21","35","0","8","15","36","0","38","9","56","39","9","27","65","5","20","17","6","0","9","29","108","8","15","96","38","27","36","13","16","25","55","40","40","13","67","24","0","19","40","27","27","49","17","63","19","0","9","19","0","4","15","0","87","49","53","0","97","0","41","21","0","4","14","35","42","14","35","10","30","0","9","0","38","0","35","11","14","27","44","13","34","26","35","8","29","9","66","38","6","34","8","15","30","41","9","0","0","0","0","0","23","41","6","8","28","9","30","41","24","18","21","10","32","5","9","11","22","19","15","10","23","10","26","46","0","0","50","40","0","37","15","31","44","0","32","0","0","9","7","37","0","16","21","4","43","12","32","78","21","15","0","0","11","0","35","0","71","56","55","35","22","0","20","39","0","0","0","6,545"
"            No disability","168","140","96","103","149","296","150","96","151","127","93","184","0","104","75","83","56","104","129","57","159","22","58","95","107","184","12","174","131","115","139","72","188","244","95","47","90","222","127","0","82","68","147","103","42","67","201","70","30","101","289","128","159","190","97","265","50","304","103","190","126","160","135","159","53","142","188","227","165","99","117","116","98","154","47","188","338","234","254","259","207","160","133","56","184","74","183","161","216","81","69","161","207","286","156","110","101","118","112","173","117","111","50","112","105","110","140","107","138","75","116","120","40","125","99","162","101","271","74","193","65","34","179","143","159","109","199","244","189","185","152","128","219","121","200","144","70","102","105","107","117","261","257","50","174","172","128","142","12","114","123","18","218","181","246","228","169","135","121","212","75","167","105","84","52","103","45","169","116","255","247","74","78","389","204","319","121","185","117","70","62","187","105","261","72","20","128","0","15","9","19","210","267","66","154","219","157","208","396","108","216","245","147","83","58","190","178","216","16","183","140","93","86","106","153","161","312","152","117","68","355","97","114","128","126","140","0","112","80","64","58","104","185","113","155","174","324","89","165","116","116","82","6","94","65","74","257","309","381","145","348","183","96","127","293","0","0","0","35,666"
"        75 years and over:","146","42","95","64","89","126","144","153","191","96","176","160","0","65","117","70","1","63","153","24","217","22","0","37","156","74","40","67","0","150","137","88","138","91","57","64","34","72","5","7","202","31","24","69","0","8","75","37","50","64","80","53","70","91","44","243","53","134","32","129","93","22","142","86","42","132","65","88","505","50","79","94","83","143","16","53","76","27","117","82","59","70","78","19","354","22","83","130","163","25","52","101","229","326","88","55","24","33","97","121","76","83","54","149","54","78","86","82","43","100","144","193","38","30","89","137","30","114","75","94","54","33","253","78","63","69","72","122","150","157","149","99","176","75","151","180","62","125","73","107","31","277","202","66","122","208","45","44","40","52","95","0","133","197","167","222","136","236","87","286","68","142","52","82","26","70","59","72","39","143","164","91","206","487","111","179","38","96","32","19","0","35","63","162","23","71","42","35","34","94","45","48","47","29","117","367","118","91","154","47","199","86","88","68","40","141","130","155","33","49","53","52","10","64","59","54","156","139","69","27","93","18","49","60","58","22","12","70","21","58","50","72","36","30","23","125","67","17","65","72","38","0","0","43","14","42","157","281","180","94","109","61","34","33","163","0","0","0","23,424"
"            With a disability","18","9","72","41","43","82","75","35","82","36","65","27","0","10","47","21","0","33","42","9","159","7","0","25","73","26","15","29","0","85","97","23","41","30","57","64","0","46","0","7","146","31","11","30","0","0","11","26","0","28","24","16","20","36","8","60","16","13","11","56","17","11","57","29","14","96","34","34","252","33","38","35","10","53","9","8","55","0","38","35","13","24","24","11","148","7","46","57","37","8","29","45","82","198","41","25","11","13","28","43","20","24","26","60","14","28","36","26","26","55","34","80","0","9","62","41","20","46","9","32","54","0","43","46","5","14","40","42","53","65","37","33","46","17","117","113","28","52","39","31","18","112","67","18","12","70","33","3","22","15","49","0","33","109","22","130","30","117","11","132","22","77","25","0","0","0","28","37","0","17","4","0","27","234","33","52","0","35","9","7","0","16","19","53","6","21","36","23","0","81","0","15","7","6","50","151","36","14","33","24","86","26","21","0","17","63","20","44","0","9","19","15","10","39","26","28","17","99","34","27","24","12","30","31","58","22","12","23","0","6","25","11","5","0","12","98","27","0","16","20","18","0","0","7","14","35","16","83","81","21","16","24","0","10","42","0","0","0","8,945"
"            No disability","128","33","23","23","46","44","69","118","109","60","111","133","0","55","70","49","1","30","111","15","58","15","0","12","83","48","25","38","0","65","40","65","97","61","0","0","34","26","5","0","56","0","13","39","0","8","64","11","50","36","56","37","50","55","36","183","37","121","21","73","76","11","85","57","28","36","31","54","253","17","41","59","73","90","7","45","21","27","79","47","46","46","54","8","206","15","37","73","126","17","23","56","147","128","47","30","13","20","69","78","56","59","28","89","40","50","50","56","17","45","110","113","38","21","27","96","10","68","66","62","0","33","210","32","58","55","32","80","97","92","112","66","130","58","34","67","34","73","34","76","13","165","135","48","110","138","12","41","18","37","46","0","100","88","145","92","106","119","76","154","46","65","27","82","26","70","31","35","39","126","160","91","179","253","78","127","38","61","23","12","0","19","44","109","17","50","6","12","34","13","45","33","40","23","67","216","82","77","121","23","113","60","67","68","23","78","110","111","33","40","34","37","0","25","33","26","139","40","35","0","69","6","19","29","0","0","0","47","21","52","25","61","31","30","11","27","40","17","49","52","20","0","0","36","0","7","141","198","99","73","93","37","34","23","121","0","0","0","14,479"
"    Female:","1,901","1,860","1,950","2,333","1,475","2,932","1,430","1,840","2,486","1,847","2,861","1,766","2,312","934","1,956","2,160","982","1,400","3,173","1,567","798","863","1,694","2,451","2,443","2,372","1,283","2,383","3,097","1,903","2,857","1,047","2,011","4,509","3,222","3,292","2,737","2,480","3,113","1,226","1,810","3,847","4,188","1,798","3,382","1,724","3,105","1,278","2,768","1,546","2,421","1,650","2,193","2,418","1,413","3,586","917","3,549","1,376","2,358","2,242","2,032","1,736","2,394","1,309","2,105","2,327","2,732","4,600","2,277","1,686","1,585","1,985","2,078","1,242","2,550","2,599","1,815","2,442","2,824","2,380","1,645","2,326","1,238","3,862","1,699","2,932","1,313","2,791","3,472","1,551","1,451","2,877","3,073","2,418","2,196","2,263","1,480","1,425","2,024","2,279","1,399","2,007","1,795","817","1,198","1,205","805","1,272","1,616","2,766","2,371","2,802","1,241","1,834","2,763","1,682","2,820","1,679","3,721","1,637","2,512","3,894","1,864","2,793","3,861","3,036","3,133","1,551","2,191","2,068","1,513","2,469","1,263","4,025","1,993","1,730","2,246","1,707","1,282","1,323","3,541","2,311","3,246","3,623","3,663","2,578","3,100","818","2,601","2,094","1,019","1,281","1,648","2,476","2,639","1,315","2,775","1,577","3,595","1,067","3,204","1,821","2,604","2,286","1,890","957","1,858","1,603","2,172","2,524","2,350","1,485","3,782","2,025","2,910","1,699","2,828","1,483","1,070","1,497","2,541","1,901","3,687","1,969","2,333","2,991","1,233","2,031","1,975","1,447","2,736","2,674","553","3,213","3,854","1,142","1,631","3,081","2,647","3,259","2,456","1,893","1,854","1,172","2,021","2,153","2,611","2,342","1,825","1,152","4,927","1,419","2,436","2,720","3,649","3,681","2,853","3,208","1,542","3,237","963","1,940","1,560","3,205","3,335","771","3,659","1,875","2,296","2,672","2,605","1,923","1,980","1,336","3,859","3,476","2,661","2,868","2,358","3,511","2,345","2,447","1,797","1,162","1,552","3,552","3,292","3,049","1,570","3,457","2,037","1,716","2,333","1,954","5","0","0","573,597"
"        Under 5 years:","166","16","82","237","42","90","122","117","124","129","336","67","335","46","95","126","54","75","170","55","19","27","134","224","170","305","58","160","207","153","169","85","154","545","181","384","291","288","171","239","58","466","189","70","258","132","216","90","166","99","96","72","139","139","94","186","66","103","67","128","178","61","70","38","106","199","140","158","286","97","76","47","129","83","103","128","155","57","167","140","127","93","144","156","195","128","151","46","176","57","125","25","191","98","100","127","209","96","68","179","271","82","277","120","26","28","62","15","64","155","314","168","548","45","78","86","137","232","68","199","134","204","207","56","295","375","292","223","27","82","91","93","173","62","202","90","113","148","67","74","77","50","84","302","292","268","114","167","26","226","153","88","37","46","150","120","51","199","37","167","80","327","153","219","213","67","32","59","74","79","131","63","50","200","79","65","101","160","96","59","106","155","138","358","106","226","317","140","117","116","123","136","178","36","380","316","26","95","150","123","179","167","77","135","92","190","108","132","78","59","33","343","48","117","103","104","126","94","330","47","65","36","119","108","305","160","55","193","161","295","234","306","113","47","30","178","62","299","228","200","209","156","128","100","19","89","249","106","111","97","137","75","166","115","84","0","0","0","36,074"
"            With a disability","0","0","0","0","0","0","0","0","0","0","7","0","17","0","0","0","0","0","0","0","0","0","0","0","0","0","0","0","0","0","0","0","0","0","0","0","0","0","9","0","0","0","0","0","0","0","0","0","0","0","0","8","0","0","0","0","0","0","0","0","0","0","0","0","0","0","0","0","0","0","0","0","0","0","0","0","0","0","0","0","0","0","0","0","0","0","0","0","0","0","0","0","0","0","0","0","0","0","0","0","0","0","10","0","0","0","0","0","0","0","0","0","47","0","0","0","0","0","0","0","0","0","0","0","12","0","8","0","0","0","0","0","0","0","0","0","0","0","0","0","0","0","0","0","0","0","0","0","0","0","0","0","0","0","0","0","0","0","0","0","0","0","0","0","0","0","0","0","0","0","0","0","0","0","0","0","0","0","0","0","0","0","0","0","0","0","0","0","0","0","0","0","0","0","0","0","0","0","0","0","0","0","10","0","0","42","0","0","0","0","0","0","0","0","0","0","0","0","0","0","0","0","0","0","0","0","0","0","0","0","0","0","0","0","0","0","0","0","0","0","0","0","0","0","0","0","0","0","0","0","0","0","0","0","0","0","0","0","170"
"            No disability","166","16","82","237","42","90","122","117","124","129","329","67","318","46","95","126","54","75","170","55","19","27","134","224","170","305","58","160","207","153","169","85","154","545","181","384","291","288","162","239","58","466","189","70","258","132","216","90","166","99","96","64","139","139","94","186","66","103","67","128","178","61","70","38","106","199","140","158","286","97","76","47","129","83","103","128","155","57","167","140","127","93","144","156","195","128","151","46","176","57","125","25","191","98","100","127","209","96","68","179","271","82","267","120","26","28","62","15","64","155","314","168","501","45","78","86","137","232","68","199","134","204","207","56","283","375","284","223","27","82","91","93","173","62","202","90","113","148","67","74","77","50","84","302","292","268","114","167","26","226","153","88","37","46","150","120","51","199","37","167","80","327","153","219","213","67","32","59","74","79","131","63","50","200","79","65","101","160","96","59","106","155","138","358","106","226","317","140","117","116","123","136","178","36","380","316","26","95","150","123","179","167","67","135","92","148","108","132","78","59","33","343","48","117","103","104","126","94","330","47","65","36","119","108","305","160","55","193","161","295","234","306","113","47","30","178","62","299","228","200","209","156","128","100","19","89","249","106","111","97","137","75","166","115","84","0","0","0","35,904"
"        5 to 17 years:","332","259","306","206","323","590","224","398","521","305","358","268","780","144","328","239","8","238","490","155","5","94","180","329","463","339","174","442","450","211","589","178","227","826","655","629","565","481","565","350","316","516","1,089","374","675","197","458","75","411","245","456","217","330","298","183","717","81","740","226","383","273","404","300","391","257","323","394","452","547","406","339","245","401","276","150","592","435","366","442","568","434","237","460","156","929","54","409","230","497","228","249","305","518","441","361","405","211","306","159","238","298","142","296","293","122","144","217","120","201","244","328","311","665","160","236","262","78","463","203","716","250","414","641","248","463","460","543","357","101","481","340","356","416","193","726","510","237","430","379","245","311","822","511","411","834","676","148","493","77","99","280","250","233","456","539","572","154","627","398","786","171","479","215","274","322","224","155","335","292","389","509","203","213","622","469","682","363","361","161","180","151","543","398","751","258","255","485","141","368","401","372","611","534","90","460","383","234","310","681","502","573","399","180","227","160","163","107","347","384","166","297","955","271","562","677","787","842","547","442","261","471","238","393","249","641","558","64","676","291","304","368","410","317","507","294","842","850","500","391","332","255","208","379","407","96","256","674","603","639","229","759","415","313","324","338","0","0","0","96,050"
"            With a disability","14","0","15","56","36","0","0","13","18","0","74","29","28","0","7","25","0","15","0","0","0","0","52","33","4","0","10","15","20","9","7","0","34","0","21","0","15","0","10","38","11","24","0","0","0","0","24","0","40","0","0","11","0","0","5","31","11","15","3","30","0","7","8","0","10","56","0","0","20","0","0","11","37","13","0","8","10","19","0","21","20","27","0","0","10","0","0","6","30","0","4","4","10","9","33","5","11","0","9","7","0","0","9","0","0","0","0","0","22","0","0","0","0","0","7","0","0","14","31","34","28","0","0","0","27","27","8","0","0","28","10","15","17","5","0","0","0","0","0","7","24","19","0","0","52","22","0","0","0","0","0","7","0","8","11","101","9","11","0","0","0","13","27","0","0","0","0","0","0","10","0","0","0","0","12","0","8","0","0","5","11","25","36","10","0","0","0","0","7","0","9","0","18","0","0","0","23","11","22","8","26","11","0","0","23","0","0","0","6","36","14","44","0","29","0","15","0","34","46","30","0","0","18","0","0","0","0","0","25","8","33","8","0","18","6","0","0","5","0","0","0","0","18","24","0","7","0","0","0","0","41","23","0","0","10","0","0","0","2,574"
"            No disability","318","259","291","150","287","590","224","385","503","305","284","239","752","144","321","214","8","223","490","155","5","94","128","296","459","339","164","427","430","202","582","178","193","826","634","629","550","481","555","312","305","492","1,089","374","675","197","434","75","371","245","456","206","330","298","178","686","70","725","223","353","273","397","292","391","247","267","394","452","527","406","339","234","364","263","150","584","425","347","442","547","414","210","460","156","919","54","409","224","467","228","245","301","508","432","328","400","200","306","150","231","298","142","287","293","122","144","217","120","179","244","328","311","665","160","229","262","78","449","172","682","222","414","641","248","436","433","535","357","101","453","330","341","399","188","726","510","237","430","379","238","287","803","511","411","782","654","148","493","77","99","280","243","233","448","528","471","145","616","398","786","171","466","188","274","322","224","155","335","292","379","509","203","213","622","457","682","355","361","161","175","140","518","362","741","258","255","485","141","361","401","363","611","516","90","460","383","211","299","659","494","547","388","180","227","137","163","107","347","378","130","283","911","271","533","677","772","842","513","396","231","471","238","375","249","641","558","64","676","266","296","335","402","317","489","288","842","850","495","391","332","255","208","361","383","96","249","674","603","639","229","718","392","313","324","328","0","0","0","93,476"
"        18 to 34 years:","285","439","359","656","180","459","135","198","282","228","769","231","553","137","363","470","424","235","680","658","91","281","606","720","486","522","284","629","600","326","477","160","473","1,285","899","762","836","538","787","370","339","1,163","944","206","687","392","488","483","755","290","417","525","383","461","356","647","216","877","289","315","454","398","353","566","266","333","454","407","721","472","273","311","433","493","343","375","383","230","401","345","396","323","501","306","482","768","936","136","450","2,569","368","154","452","428","701","512","517","220","343","297","554","305","635","297","143","248","209","126","225","374","578","502","738","389","380","868","387","640","432","874","298","728","833","417","784","1,195","633","978","276","193","420","142","395","166","852","277","332","294","393","153","152","430","242","897","589","855","1,456","661","300","648","430","237","140","151","228","166","167","370","122","233","151","495","714","657","845","674","174","305","301","256","318","933","181","539","175","303","244","546","302","227","461","459","425","918","488","923","901","418","806","297","309","438","493","62","726","849","111","214","399","645","585","351","315","455","377","577","416","422","658","469","88","1,331","170","354","282","731","468","490","709","408","459","142","289","206","841","835","245","668","519","591","477","678","304","352","168","880","418","655","713","630","1,538","1,048","938","297","514","323","788","512","218","246","514","378","376","579","261","0","0","0","122,051"
"            With a disability","10","99","20","3","16","0","6","1","22","0","11","21","14","13","0","34","38","0","0","17","16","13","31","72","17","0","0","22","25","22","8","9","68","17","62","149","0","0","65","15","0","19","33","24","4","27","0","12","30","8","1","15","14","8","15","29","6","58","16","0","13","46","10","0","5","29","19","30","29","31","0","0","29","22","0","15","38","0","11","29","25","27","0","13","54","0","6","14","3","109","29","20","16","19","0","0","21","0","6","39","12","0","31","0","0","0","0","0","0","0","10","40","0","109","21","34","35","47","27","0","23","4","0","11","0","3","4","0","9","5","11","0","30","5","30","13","9","11","0","6","8","0","0","0","54","0","34","0","50","27","13","0","0","8","0","0","41","10","0","3","0","0","0","19","15","25","0","4","9","38","2","0","11","0","13","0","22","29","18","0","29","11","11","19","0","27","50","6","29","26","0","39","21","9","20","0","6","0","46","0","0","11","0","35","40","5","34","0","17","0","22","32","14","19","0","35","23","10","0","35","21","9","0","0","0","33","0","32","12","56","0","0","19","0","11","13","60","16","44","24","101","59","14","15","0","0","46","24","0","11","33","8","0","0","20","0","0","0","4,367"
"            No disability","275","340","339","653","164","459","129","197","260","228","758","210","539","124","363","436","386","235","680","641","75","268","575","648","469","522","284","607","575","304","469","151","405","1,268","837","613","836","538","722","355","339","1,144","911","182","683","365","488","471","725","282","416","510","369","453","341","618","210","819","273","315","441","352","343","566","261","304","435","377","692","441","273","311","404","471","343","360","345","230","390","316","371","296","501","293","428","768","930","122","447","2,460","339","134","436","409","701","512","496","220","337","258","542","305","604","297","143","248","209","126","225","374","568","462","738","280","359","834","352","593","405","874","275","724","833","406","784","1,192","629","978","267","188","409","142","365","161","822","264","323","283","393","147","144","430","242","897","535","855","1,422","661","250","621","417","237","140","143","228","166","126","360","122","230","151","495","714","638","830","649","174","301","292","218","316","933","170","539","162","303","222","517","284","227","432","448","414","899","488","896","851","412","777","271","309","399","472","53","706","849","105","214","353","645","585","340","315","420","337","572","382","422","641","469","66","1,299","156","335","282","696","445","480","709","373","438","133","289","206","841","802","245","636","507","535","477","678","285","352","157","867","358","639","669","606","1,437","989","924","282","514","323","742","488","218","235","481","370","376","579","241","0","0","0","117,684"
"        35 to 64 years:","782","815","848","1,085","619","1,316","622","855","1,067","801","1,052","764","644","392","779","1,089","438","630","1,353","582","272","394","649","1,025","892","889","638","987","1,563","845","1,382","399","917","1,620","1,328","1,199","920","853","1,449","259","711","1,429","1,653","812","1,611","734","1,571","567","1,236","702","980","648","1,080","1,112","552","1,491","379","1,512","598","1,055","1,050","919","783","1,034","512","912","955","1,238","1,341","1,034","725","659","774","932","492","1,049","1,160","854","1,043","1,299","1,060","738","977","516","1,509","705","1,077","617","1,084","473","625","630","1,190","1,395","1,117","869","1,095","659","598","1,003","930","649","596","739","360","540","484","336","581","568","1,061","866","792","451","743","1,140","566","1,170","687","1,570","725","1,033","1,534","892","1,102","1,457","1,252","1,215","666","1,021","834","646","986","609","1,897","807","787","1,013","659","597","580","1,653","1,053","1,337","1,430","1,506","723","1,399","300","1,183","868","397","579","736","1,056","1,132","542","1,074","685","1,536","486","1,481","535","1,079","774","716","401","840","813","878","980","949","602","1,521","953","1,404","841","1,377","808","459","681","1,135","736","1,378","949","691","1,069","509","675","941","577","1,381","1,147","302","1,287","1,593","504","736","1,360","1,146","1,429","1,168","978","745","417","722","1,075","1,053","1,029","700","557","2,093","790","1,253","1,394","1,751","1,738","1,358","1,482","702","1,623","483","927","805","1,250","1,587","369","1,758","745","870","1,380","993","1,013","905","708","1,618","1,799","936","1,188","996","1,327","857","884","786","410","607","1,443","1,338","1,375","706","1,570","926","671","1,081","891","0","0","0","242,431"
"            With a disability","16","112","63","81","31","175","18","10","32","9","99","78","17","19","117","29","6","34","92","57","14","11","13","93","88","68","22","43","78","45","58","14","24","95","123","163","92","35","218","10","73","246","21","12","112","33","61","22","158","32","21","34","89","72","41","50","19","10","74","27","116","34","26","19","29","48","28","84","54","28","44","31","55","42","12","71","36","97","50","56","15","34","29","38","51","21","74","29","34","34","66","11","27","85","63","83","81","38","22","40","40","15","33","63","6","28","10","5","5","17","116","46","27","46","136","132","25","45","38","116","56","20","122","44","122","68","57","40","90","45","15","12","52","37","51","17","80","53","53","12","5","58","37","38","31","98","15","148","15","62","0","29","6","0","20","83","11","38","10","73","4","106","16","81","11","18","10","48","69","36","39","41","83","56","6","24","7","40","72","8","24","88","14","56","100","21","33","81","19","28","25","36","59","2","74","151","16","35","69","74","256","47","82","89","21","84","76","68","67","25","28","149","30","28","41","171","31","92","158","46","112","30","17","51","17","87","26","125","25","40","24","118","103","19","18","142","43","43","61","96","99","32","21","27","28","53","60","103","44","10","117","16","21","36","2","0","0","0","13,451"
"            No disability","766","703","785","1,004","588","1,141","604","845","1,035","792","953","686","627","373","662","1,060","432","596","1,261","525","258","383","636","932","804","821","616","944","1,485","800","1,324","385","893","1,525","1,205","1,036","828","818","1,231","249","638","1,183","1,632","800","1,499","701","1,510","545","1,078","670","959","614","991","1,040","511","1,441","360","1,502","524","1,028","934","885","757","1,015","483","864","927","1,154","1,287","1,006","681","628","719","890","480","978","1,124","757","993","1,243","1,045","704","948","478","1,458","684","1,003","588","1,050","439","559","619","1,163","1,310","1,054","786","1,014","621","576","963","890","634","563","676","354","512","474","331","576","551","945","820","765","405","607","1,008","541","1,125","649","1,454","669","1,013","1,412","848","980","1,389","1,195","1,175","576","976","819","634","934","572","1,846","790","707","960","606","585","575","1,595","1,016","1,299","1,399","1,408","708","1,251","285","1,121","868","368","573","736","1,036","1,049","531","1,036","675","1,463","482","1,375","519","998","763","698","391","792","744","842","941","908","519","1,465","947","1,380","834","1,337","736","451","657","1,047","722","1,322","849","670","1,036","428","656","913","552","1,345","1,088","300","1,213","1,442","488","701","1,291","1,072","1,173","1,121","896","656","396","638","999","985","962","675","529","1,944","760","1,225","1,353","1,580","1,707","1,266","1,324","656","1,511","453","910","754","1,233","1,500","343","1,633","720","830","1,356","875","910","886","690","1,476","1,756","893","1,127","900","1,228","825","863","759","382","554","1,383","1,235","1,331","696","1,453","910","650","1,045","889","0","0","0","228,980"
"        65 to 74 years:","175","181","168","107","159","265","106","134","186","190","124","262","0","104","232","164","23","126","241","70","209","52","50","141","272","211","50","97","204","231","209","104","151","135","104","188","77","175","133","8","126","216","263","189","107","105","195","38","171","105","330","79","170","284","127","286","82","132","100","262","151","184","153","281","124","209","215","342","434","197","175","179","227","159","92","205","357","227","266","301","252","208","186","84","339","44","201","167","380","118","106","167","207","361","92","164","138","164","144","199","128","152","102","128","72","129","161","126","124","153","328","231","19","124","210","258","165","229","113","206","120","89","303","155","74","309","187","178","257","255","258","175","301","136","252","133","156","204","95","108","109","276","232","206","318","170","137","243","100","332","188","30","195","160","238","376","290","312","118","397","126","257","80","180","69","139","102","246","77","336","375","94","174","629","219","289","114","277","93","114","83","182","172","163","145","177","165","13","43","70","41","148","200","48","305","336","196","187","369","136","303","290","189","167","70","204","292","434","161","256","113","205","120","83","175","169","276","220","176","89","347","48","132","139","134","120","38","287","134","153","133","142","135","150","108","268","241","247","272","66","141","18","13","137","123","198","338","365","522","212","360","190","152","173","317","5","0","0","46,433"
"            With a disability","42","24","26","21","23","78","17","17","11","31","76","14","0","13","14","15","0","28","17","19","34","0","13","41","95","28","13","49","54","60","51","0","24","22","39","72","33","36","27","0","18","89","86","57","57","0","27","8","0","13","84","12","55","97","32","88","18","46","0","41","23","10","33","99","17","27","37","30","152","9","34","20","25","28","13","28","56","42","30","31","23","0","66","39","96","0","73","5","30","17","32","18","27","41","16","17","22","36","12","14","25","5","0","53","0","37","21","8","42","21","130","27","0","7","27","40","0","23","0","46","26","30","30","14","36","59","34","22","60","14","40","11","40","6","59","11","8","38","20","30","21","44","0","69","26","0","0","25","10","46","40","0","9","8","27","15","79","54","13","88","13","65","0","36","0","30","25","61","12","42","49","0","43","70","36","38","10","55","16","8","21","41","28","62","58","54","33","0","11","20","7","18","28","0","66","31","31","0","43","0","61","40","9","15","11","36","32","59","0","0","11","0","7","0","14","35","14","48","25","0","38","0","15","45","39","0","22","55","43","37","33","11","0","10","27","0","33","86","32","0","0","3","0","14","0","25","77","15","53","13","31","0","0","8","13","0","0","0","7,363"
"            No disability","133","157","142","86","136","187","89","117","175","159","48","248","0","91","218","149","23","98","224","51","175","52","37","100","177","183","37","48","150","171","158","104","127","113","65","116","44","139","106","8","108","127","177","132","50","105","168","30","171","92","246","67","115","187","95","198","64","86","100","221","128","174","120","182","107","182","178","312","282","188","141","159","202","131","79","177","301","185","236","270","229","208","120","45","243","44","128","162","350","101","74","149","180","320","76","147","116","128","132","185","103","147","102","75","72","92","140","118","82","132","198","204","19","117","183","218","165","206","113","160","94","59","273","141","38","250","153","156","197","241","218","164","261","130","193","122","148","166","75","78","88","232","232","137","292","170","137","218","90","286","148","30","186","152","211","361","211","258","105","309","113","192","80","144","69","109","77","185","65","294","326","94","131","559","183","251","104","222","77","106","62","141","144","101","87","123","132","13","32","50","34","130","172","48","239","305","165","187","326","136","242","250","180","152","59","168","260","375","161","256","102","205","113","83","161","134","262","172","151","89","309","48","117","94","95","120","16","232","91","116","100","131","135","140","81","268","208","161","240","66","141","15","13","123","123","173","261","350","469","199","329","190","152","165","304","5","0","0","39,070"
"        75 years and over:","161","150","187","42","152","212","221","138","306","194","222","174","0","111","159","72","35","96","239","47","202","15","75","12","160","106","79","68","73","137","31","121","89","98","55","130","48","145","8","0","260","57","50","147","44","164","177","25","29","105","142","109","91","124","101","259","93","185","96","215","136","66","77","84","44","129","169","135","1,271","71","98","144","21","135","62","201","109","81","123","171","111","46","58","20","408","0","158","117","204","27","78","170","319","350","47","119","93","35","113","108","98","69","101","218","94","109","72","82","77","122","157","293","40","72","187","149","349","86","176","156","110","44","376","96","75","65","129","182","224","159","125","101","198","97","96","176","105","157","114","105","94","310","189","93","160","188","0","137","15","113","175","17","97","99","265","273","111","193","217","476","53","165","124","195","63","70","93","73","46","234","211","108","265","271","130","167","36","107","23","31","15","67","32","119","23","61","54","12","22","150","25","22","122","15","55","377","71","89","122","95","190","81","154","125","56","165","155","223","32","175","64","0","20","67","89","107","231","144","69","35","272","16","80","53","34","75","0","77","25","83","80","76","41","19","28","73","106","24","76","134","41","58","105","70","0","79","60","368","184","80","117","53","38","61","63","0","0","0","30,558"
"            With a disability","38","41","117","15","72","126","99","32","89","72","93","63","0","64","119","14","0","62","95","29","92","15","75","0","50","48","41","23","0","93","13","47","19","28","24","116","40","42","0","0","115","57","37","86","0","68","90","25","0","65","79","66","21","64","30","123","72","104","46","85","17","33","63","50","21","59","54","30","607","27","28","22","10","71","23","123","66","66","9","104","65","18","18","11","199","0","0","44","78","22","32","23","122","190","14","78","33","19","66","70","66","31","21","73","45","59","27","26","36","55","88","181","0","36","64","36","266","22","68","40","53","8","158","36","46","16","19","64","107","54","28","10","103","36","29","116","88","44","12","51","22","139","64","18","83","67","0","98","15","29","69","17","46","32","120","99","55","61","85","246","11","72","84","87","21","33","20","49","0","64","81","66","74","160","73","44","10","76","0","0","15","36","0","44","23","33","33","0","12","96","25","9","61","4","12","236","20","18","47","38","172","39","63","59","23","45","109","33","21","65","18","0","10","67","69","79","142","124","46","17","218","10","0","22","25","42","0","56","25","70","18","34","36","0","15","33","34","24","45","57","0","42","30","40","0","47","30","186","87","27","73","41","23","33","14","0","0","0","13,932"
"            No disability","123","109","70","27","80","86","122","106","217","122","129","111","0","47","40","58","35","34","144","18","110","0","0","12","110","58","38","45","73","44","18","74","70","70","31","14","8","103","8","0","145","0","13","61","44","96","87","0","29","40","63","43","70","60","71","136","21","81","50","130","119","33","14","34","23","70","115","105","664","44","70","122","11","64","39","78","43","15","114","67","46","28","40","9","209","0","158","73","126","5","46","147","197","160","33","41","60","16","47","38","32","38","80","145","49","50","45","56","41","67","69","112","40","36","123","113","83","64","108","116","57","36","218","60","29","49","110","118","117","105","97","91","95","61","67","60","17","113","102","54","72","171","125","75","77","121","0","39","0","84","106","0","51","67","145","174","56","132","132","230","42","93","40","108","42","37","73","24","46","170","130","42","191","111","57","123","26","31","23","31","0","31","32","75","0","28","21","12","10","54","0","13","61","11","43","141","51","71","75","57","18","42","91","66","33","120","46","190","11","110","46","0","10","0","20","28","89","20","23","18","54","6","80","31","9","33","0","21","0","13","62","42","5","19","13","40","72","0","31","77","41","16","75","30","0","32","30","182","97","53","44","12","15","28","49","0","0","0","16,626"