"GEO_ID","NAME","B03003_001E","B03003_001M","B03003_002E","B03003_002M","B03003_003E","B03003_003M"
"id","Geographic Area Name","Estimate!!Total","Margin of Error!!Total","Estimate!!Total!!Not Hispanic or Latino","Margin of Error!!Total!!Not Hispanic or Latino","Estimate!!Total!!Hispanic or Latino","Margin of Error!!Total!!Hispanic or Latino"
"1500000US510594504002","Block Group 2, Census Tract 4504, Fairfax County, Virginia","1674","224","1156","156","518","196"
"1500000US510594156002","Block Group 2, Census Tract 4156, Fairfax County, Virginia","1090","180","1047","175","43","45"
"1500000US510594302031","Block Group 1, Census Tract 4302.03, Fairfax County, Virginia","2688","150","2536","141","152","91"
"1500000US510594805011","Block Group 1, Census Tract 4805.01, Fairfax County, Virginia","725","136","648","120","77","85"
"1500000US510594501001","Block Group 1, Census Tract 4501, Fairfax County, Virginia","583","198","532","212","51","65"
"1500000US510594704004","Block Group 4, Census Tract 4704, Fairfax County, Virginia","1494","192","1383","190","111","78"
"1500000US510594160003","Block Group 3, Census Tract 4160, Fairfax County, Virginia","1038","328","882","325","156","134"
"1500000US510594826021","Block Group 1, Census Tract 4826.02, Fairfax County, Virginia","2003","311","2003","311","0","12"
"1500000US510594901012","Block Group 2, Census Tract 4901.01, Fairfax County, Virginia","1872","322","1579","347","293","224"
"1500000US510594808012","Block Group 2, Census Tract 4808.01, Fairfax County, Virginia","2534","389","1936","300","598","437"
"1500000US510594709001","Block Group 1, Census Tract 4709, Fairfax County, Virginia","1937","348","1937","348","0","12"
"1500000US510594511001","Block Group 1, Census Tract 4511, Fairfax County, Virginia","1004","166","884","138","120","96"
"1500000US510594406001","Block Group 1, Census Tract 4406, Fairfax County, Virginia","3116","190","2436","253","680","185"
"1500000US510594911034","Block Group 4, Census Tract 4911.03, Fairfax County, Virginia","755","245","678","247","77","81"
"1500000US510594711001","Block Group 1, Census Tract 4711, Fairfax County, Virginia","1396","395","1208","325","188","260"
"1500000US510594605021","Block Group 1, Census Tract 4605.02, Fairfax County, Virginia","3428","490","3248","497","180","128"
"1500000US510594516011","Block Group 1, Census Tract 4516.01, Fairfax County, Virginia","2785","757","1051","274","1734","714"
"1500000US510594202012","Block Group 2, Census Tract 4202.01, Fairfax County, Virginia","1673","286","1526","230","147","166"
"1500000US510594617003","Block Group 3, Census Tract 4617, Fairfax County, Virginia","1480","312","1359","283","121","128"
"1500000US510594322011","Block Group 1, Census Tract 4322.01, Fairfax County, Virginia","2264","268","1761","300","503","190"
"1500000US510594822024","Block Group 4, Census Tract 4822.02, Fairfax County, Virginia","1365","299","1343","302","22","34"
"1500000US510594819002","Block Group 2, Census Tract 4819, Fairfax County, Virginia","1508","338","1408","340","100","133"
"1500000US510594811043","Block Group 3, Census Tract 4811.04, Fairfax County, Virginia","583","161","564","158","19","22"
"1500000US510594326001","Block Group 1, Census Tract 4326, Fairfax County, Virginia","2391","326","2220","343","171","115"
"1500000US510594914051","Block Group 1, Census Tract 4914.05, Fairfax County, Virginia","2867","139","2735","156","132","81"
"1500000US510594714022","Block Group 2, Census Tract 4714.02, Fairfax County, Virginia","1422","256","1255","271","167","129"
"1500000US510594504001","Block Group 1, Census Tract 4504, Fairfax County, Virginia","1109","256","1025","254","84","49"
"1500000US510594520001","Block Group 1, Census Tract 4520, Fairfax County, Virginia","3085","154","2606","167","479","123"
"1500000US510594823033","Block Group 3, Census Tract 4823.03, Fairfax County, Virginia","1433","193","1309","208","124","85"
"1500000US510594152004","Block Group 4, Census Tract 4152, Fairfax County, Virginia","650","166","629","166","21","32"
"1500000US510594224023","Block Group 3, Census Tract 4224.02, Fairfax County, Virginia","1685","361","1413","326","272","188"
"1500000US510594917041","Block Group 1, Census Tract 4917.04, Fairfax County, Virginia","1289","395","1128","377","161","116"
"1500000US510594918032","Block Group 2, Census Tract 4918.03, Fairfax County, Virginia","1506","373","1213","302","293","260"
"1500000US510594314002","Block Group 2, Census Tract 4314, Fairfax County, Virginia","1469","253","1260","241","209","124"
"1500000US510594509002","Block Group 2, Census Tract 4509, Fairfax County, Virginia","854","105","734","105","120","68"
"1500000US510594917012","Block Group 2, Census Tract 4917.01, Fairfax County, Virginia","1771","381","1507","283","264","267"
"1500000US510594810001","Block Group 1, Census Tract 4810, Fairfax County, Virginia","2787","522","1769","333","1018","524"
"1500000US510594402011","Block Group 1, Census Tract 4402.01, Fairfax County, Virginia","3208","333","2762","315","446","189"
"1500000US510594211031","Block Group 1, Census Tract 4211.03, Fairfax County, Virginia","812","237","762","244","50","55"
"1500000US510594601003","Block Group 3, Census Tract 4601, Fairfax County, Virginia","1276","214","1268","214","8","13"
"1500000US510594914013","Block Group 3, Census Tract 4914.01, Fairfax County, Virginia","917","229","839","212","78","62"
"1500000US510594408003","Block Group 3, Census Tract 4408, Fairfax County, Virginia","1999","420","1904","367","95","123"
"1500000US510594616011","Block Group 1, Census Tract 4616.01, Fairfax County, Virginia","1680","561","1583","564","97","85"
"1500000US510594618023","Block Group 3, Census Tract 4618.02, Fairfax County, Virginia","1170","319","1119","324","51","48"
"1500000US510594206002","Block Group 2, Census Tract 4206, Fairfax County, Virginia","3221","316","2749","316","472","235"
"1500000US510594202011","Block Group 1, Census Tract 4202.01, Fairfax County, Virginia","1203","266","907","174","296","208"
"1500000US510594709002","Block Group 2, Census Tract 4709, Fairfax County, Virginia","1744","389","1609","374","135","129"
"1500000US510594325002","Block Group 2, Census Tract 4325, Fairfax County, Virginia","2143","299","1900","230","243","246"
"1500000US510594523022","Block Group 2, Census Tract 4523.02, Fairfax County, Virginia","2032","489","1041","322","991","418"
"1500000US510594712013","Block Group 3, Census Tract 4712.01, Fairfax County, Virginia","1189","244","1162","245","27","40"
"1500000US510594618021","Block Group 1, Census Tract 4618.02, Fairfax County, Virginia","1996","293","1792","313","204","155"
"1500000US510594302021","Block Group 1, Census Tract 4302.02, Fairfax County, Virginia","1883","379","1777","395","106","88"
"1500000US510594823031","Block Group 1, Census Tract 4823.03, Fairfax County, Virginia","1214","186","1170","198","44","60"
"1500000US510594921003","Block Group 3, Census Tract 4921, Fairfax County, Virginia","1920","326","1757","352","163","152"
"1500000US510594514001","Block Group 1, Census Tract 4514, Fairfax County, Virginia","1970","391","854","158","1116","388"
"1500000US510594505002","Block Group 2, Census Tract 4505, Fairfax County, Virginia","2107","305","1414","174","693","280"
"1500000US510594525011","Block Group 1, Census Tract 4525.01, Fairfax County, Virginia","963","271","770","182","193","214"
"1500000US510594604001","Block Group 1, Census Tract 4604, Fairfax County, Virginia","1760","285","1638","289","122","96"
"1500000US510594201002","Block Group 2, Census Tract 4201, Fairfax County, Virginia","2976","367","2514","299","462","224"
"1500000US510594216001","Block Group 1, Census Tract 4216, Fairfax County, Virginia","2596","614","1159","423","1437","435"
"1500000US510594213002","Block Group 2, Census Tract 4213, Fairfax County, Virginia","1466","173","1240","191","226","107"
"1500000US510594501003","Block Group 3, Census Tract 4501, Fairfax County, Virginia","671","357","619","352","52","84"
"1500000US510594219002","Block Group 2, Census Tract 4219, Fairfax County, Virginia","1439","292","1287","275","152","107"
"1500000US510594802013","Block Group 3, Census Tract 4802.01, Fairfax County, Virginia","1120","198","1101","195","19","23"
"1500000US510594155002","Block Group 2, Census Tract 4155, Fairfax County, Virginia","824","229","755","220","69","66"
"1500000US510594809012","Block Group 2, Census Tract 4809.01, Fairfax County, Virginia","3022","607","994","327","2028","616"
"1500000US510594306004","Block Group 4, Census Tract 4306, Fairfax County, Virginia","2016","471","1309","452","707","422"
"1500000US510594402024","Block Group 4, Census Tract 4402.02, Fairfax County, Virginia","1770","442","1489","451","281","189"
"1500000US510594224031","Block Group 1, Census Tract 4224.03, Fairfax County, Virginia","1275","218","1115","185","160","103"
"1500000US510594521013","Block Group 3, Census Tract 4521.01, Fairfax County, Virginia","2210","485","1321","397","889","577"
"1500000US510594822023","Block Group 3, Census Tract 4822.02, Fairfax County, Virginia","793","152","737","152","56","41"
"1500000US510594923002","Block Group 2, Census Tract 4923, Fairfax County, Virginia","1579","263","1444","230","135","126"
"1500000US510594524005","Block Group 5, Census Tract 4524, Fairfax County, Virginia","1489","335","1223","291","266","231"
"1500000US510594917025","Block Group 5, Census Tract 4917.02, Fairfax County, Virginia","1696","487","1402","419","294","199"
"1500000US510599803001","Block Group 1, Census Tract 9803, Fairfax County, Virginia","0","12","0","12","0","12"
"1500000US510594825032","Block Group 2, Census Tract 4825.03, Fairfax County, Virginia","844","217","776","212","68","74"
"1500000US510594913012","Block Group 2, Census Tract 4913.01, Fairfax County, Virginia","2452","383","2388","380","64","93"
"1500000US510594814004","Block Group 4, Census Tract 4814, Fairfax County, Virginia","1740","331","1641","326","99","102"
"1500000US510594905011","Block Group 1, Census Tract 4905.01, Fairfax County, Virginia","1281","242","1090","214","191","112"
"1500000US510594202013","Block Group 3, Census Tract 4202.01, Fairfax County, Virginia","1289","382","1231","354","58","59"
"1500000US510594156001","Block Group 1, Census Tract 4156, Fairfax County, Virginia","1694","189","1584","179","110","85"
"1500000US510594222011","Block Group 1, Census Tract 4222.01, Fairfax County, Virginia","1739","233","1686","231","53","44"
"1500000US510594526001","Block Group 1, Census Tract 4526, Fairfax County, Virginia","4793","827","3041","628","1752","918"
"1500000US510594901011","Block Group 1, Census Tract 4901.01, Fairfax County, Virginia","1374","299","1333","302","41","35"
"1500000US510594612011","Block Group 1, Census Tract 4612.01, Fairfax County, Virginia","2062","244","1960","244","102","81"
"1500000US510594812021","Block Group 1, Census Tract 4812.02, Fairfax County, Virginia","2516","404","2048","265","468","291"
"1500000US510594707003","Block Group 3, Census Tract 4707, Fairfax County, Virginia","956","203","920","202","36","36"
"1500000US510594221024","Block Group 4, Census Tract 4221.02, Fairfax County, Virginia","1768","602","1553","606","215","283"
"1500000US510594920001","Block Group 1, Census Tract 4920, Fairfax County, Virginia","2577","438","2528","421","49","47"
"1500000US510594211033","Block Group 3, Census Tract 4211.03, Fairfax County, Virginia","1003","214","944","214","59","50"
"1500000US510594211034","Block Group 4, Census Tract 4211.03, Fairfax County, Virginia","1293","293","1124","297","169","138"
"1500000US510594808021","Block Group 1, Census Tract 4808.02, Fairfax County, Virginia","999","207","954","208","45","37"
"1500000US510594714012","Block Group 2, Census Tract 4714.01, Fairfax County, Virginia","2633","413","2090","368","543","270"
"1500000US510594220001","Block Group 1, Census Tract 4220, Fairfax County, Virginia","3661","257","3114","274","547","93"
"1500000US510594302023","Block Group 3, Census Tract 4302.02, Fairfax County, Virginia","1763","281","1548","243","215","220"
"1500000US510594304001","Block Group 1, Census Tract 4304, Fairfax County, Virginia","2574","468","2103","415","471","349"
"1500000US510594155003","Block Group 3, Census Tract 4155, Fairfax County, Virginia","1991","427","1818","355","173","158"
"1500000US510594916012","Block Group 2, Census Tract 4916.01, Fairfax County, Virginia","2793","525","2250","478","543","249"
"1500000US510594515021","Block Group 1, Census Tract 4515.02, Fairfax County, Virginia","2029","318","1658","314","371","165"
"1500000US510594916021","Block Group 1, Census Tract 4916.02, Fairfax County, Virginia","3103","480","2645","541","458","250"
"1500000US510594826011","Block Group 1, Census Tract 4826.01, Fairfax County, Virginia","1815","302","1677","310","138","151"
"1500000US510594516022","Block Group 2, Census Tract 4516.02, Fairfax County, Virginia","1800","214","1566","246","234","131"
"1500000US510594205021","Block Group 1, Census Tract 4205.02, Fairfax County, Virginia","1114","137","764","128","350","167"
"1500000US510594713011","Block Group 1, Census Tract 4713.01, Fairfax County, Virginia","2065","308","1439","244","626","206"
"1500000US510594912014","Block Group 4, Census Tract 4912.01, Fairfax County, Virginia","730","210","730","210","0","12"
"1500000US510594508003","Block Group 3, Census Tract 4508, Fairfax County, Virginia","1108","266","1060","271","48","52"
"1500000US510594811011","Block Group 1, Census Tract 4811.01, Fairfax County, Virginia","2439","180","2336","213","103","125"
"1500000US510594822031","Block Group 1, Census Tract 4822.03, Fairfax County, Virginia","968","260","896","250","72","86"
"1500000US510594916022","Block Group 2, Census Tract 4916.02, Fairfax County, Virginia","2753","501","2054","395","699","378"
"1500000US510594506023","Block Group 3, Census Tract 4506.02, Fairfax County, Virginia","1420","286","1064","188","356","187"
"1500000US510594219001","Block Group 1, Census Tract 4219, Fairfax County, Virginia","1358","265","1208","261","150","104"
"1500000US510594913014","Block Group 4, Census Tract 4913.01, Fairfax County, Virginia","2892","664","2004","437","888","564"
"1500000US510594911012","Block Group 2, Census Tract 4911.01, Fairfax County, Virginia","2137","189","2113","193","24","38"
"1500000US510594321001","Block Group 1, Census Tract 4321, Fairfax County, Virginia","1483","209","1075","198","408","204"
"1500000US510594809011","Block Group 1, Census Tract 4809.01, Fairfax County, Virginia","773","188","679","158","94","105"
"1500000US510594155004","Block Group 4, Census Tract 4155, Fairfax County, Virginia","1657","431","1400","427","257","149"
"1500000US510594157001","Block Group 1, Census Tract 4157, Fairfax County, Virginia","1177","191","1115","201","62","48"
"1500000US510594324012","Block Group 2, Census Tract 4324.01, Fairfax County, Virginia","1214","181","1148","173","66","59"
"1500000US510594808011","Block Group 1, Census Tract 4808.01, Fairfax County, Virginia","1422","347","726","218","696","346"
"1500000US510594803002","Block Group 2, Census Tract 4803, Fairfax County, Virginia","662","230","612","212","50","41"
"1500000US510594217011","Block Group 1, Census Tract 4217.01, Fairfax County, Virginia","3384","643","1383","392","2001","671"
"1500000US510594615002","Block Group 2, Census Tract 4615, Fairfax County, Virginia","973","314","956","313","17","27"
"1500000US510594616023","Block Group 3, Census Tract 4616.02, Fairfax County, Virginia","1775","446","1711","449","64","80"
"1500000US510594152003","Block Group 3, Census Tract 4152, Fairfax County, Virginia","1038","212","1009","213","29","32"
"1500000US510594911021","Block Group 1, Census Tract 4911.02, Fairfax County, Virginia","1721","211","1265","225","456","208"
"1500000US510594310012","Block Group 2, Census Tract 4310.01, Fairfax County, Virginia","1221","405","1118","373","103","142"
"1500000US510594703002","Block Group 2, Census Tract 4703, Fairfax County, Virginia","953","133","915","142","38","42"
"1500000US510594607023","Block Group 3, Census Tract 4607.02, Fairfax County, Virginia","1434","193","1363","185","71","70"
"1500000US510594161001","Block Group 1, Census Tract 4161, Fairfax County, Virginia","2631","325","2393","338","238","131"
"1500000US510594509001","Block Group 1, Census Tract 4509, Fairfax County, Virginia","847","132","692","131","155","96"
"1500000US510594524003","Block Group 3, Census Tract 4524, Fairfax County, Virginia","1412","583","664","259","748","572"
"1500000US510594911031","Block Group 1, Census Tract 4911.03, Fairfax County, Virginia","1962","562","1129","313","833","539"
"1500000US510594604002","Block Group 2, Census Tract 4604, Fairfax County, Virginia","2297","282","2151","279","146","83"
"1500000US510594151003","Block Group 3, Census Tract 4151, Fairfax County, Virginia","909","203","810","169","99","72"
"1500000US510594825041","Block Group 1, Census Tract 4825.04, Fairfax County, Virginia","1946","207","1823","218","123","88"
"1500000US510594905023","Block Group 3, Census Tract 4905.02, Fairfax County, Virginia","2918","482","2731","443","187","103"
"1500000US510594506013","Block Group 3, Census Tract 4506.01, Fairfax County, Virginia","1221","305","943","273","278","190"
"1500000US510594213001","Block Group 1, Census Tract 4213, Fairfax County, Virginia","2516","240","2094","190","422","206"
"1500000US510594811032","Block Group 2, Census Tract 4811.03, Fairfax County, Virginia","1881","353","1323","297","558","276"
"1500000US510594915011","Block Group 1, Census Tract 4915.01, Fairfax County, Virginia","3471","617","3413","619","58","51"
"1500000US510594318022","Block Group 2, Census Tract 4318.02, Fairfax County, Virginia","1299","269","984","245","315","213"
"1500000US510594302012","Block Group 2, Census Tract 4302.01, Fairfax County, Virginia","2215","336","1913","323","302","102"
"1500000US510594319001","Block Group 1, Census Tract 4319, Fairfax County, Virginia","1734","202","1465","192","269","71"
"1500000US510594309022","Block Group 2, Census Tract 4309.02, Fairfax County, Virginia","2299","232","1646","206","653","225"
"1500000US510594922021","Block Group 1, Census Tract 4922.02, Fairfax County, Virginia","1438","252","1355","264","83","96"
"1500000US510594922033","Block Group 3, Census Tract 4922.03, Fairfax County, Virginia","1804","233","1568","238","236","179"
"1500000US510594521021","Block Group 1, Census Tract 4521.02, Fairfax County, Virginia","3651","267","2919","296","732","243"
"1500000US510594223023","Block Group 3, Census Tract 4223.02, Fairfax County, Virginia","1025","208","930","212","95","67"
"1500000US510594811051","Block Group 1, Census Tract 4811.05, Fairfax County, Virginia","1706","240","1609","245","97","120"
"1500000US510594207001","Block Group 1, Census Tract 4207, Fairfax County, Virginia","2460","386","2035","364","425","171"
"1500000US510594325003","Block Group 3, Census Tract 4325, Fairfax County, Virginia","2015","237","1892","247","123","66"
"1500000US510594315002","Block Group 2, Census Tract 4315, Fairfax County, Virginia","3092","349","2899","361","193","100"
"1500000US510594816002","Block Group 2, Census Tract 4816, Fairfax County, Virginia","1485","218","1372","175","113","119"
"1500000US510594901031","Block Group 1, Census Tract 4901.03, Fairfax County, Virginia","1566","256","1317","231","249","156"
"1500000US510594704003","Block Group 3, Census Tract 4704, Fairfax County, Virginia","865","162","821","166","44","50"
"1500000US510594804012","Block Group 2, Census Tract 4804.01, Fairfax County, Virginia","2677","306","2622","293","55","58"
"1500000US510594151002","Block Group 2, Census Tract 4151, Fairfax County, Virginia","1409","327","935","167","474","280"
"1500000US510594712011","Block Group 1, Census Tract 4712.01, Fairfax County, Virginia","1861","273","1572","331","289","220"
"1500000US510594158003","Block Group 3, Census Tract 4158, Fairfax County, Virginia","1734","199","1684","198","50","48"
"1500000US510594912012","Block Group 2, Census Tract 4912.01, Fairfax County, Virginia","2863","533","2154","441","709","390"
"1500000US510594918011","Block Group 1, Census Tract 4918.01, Fairfax County, Virginia","1268","239","1117","247","151","131"
"1500000US510594826022","Block Group 2, Census Tract 4826.02, Fairfax County, Virginia","2007","409","1994","411","13","21"
"1500000US510594208001","Block Group 1, Census Tract 4208, Fairfax County, Virginia","907","301","582","261","325","206"
"1500000US510594516014","Block Group 4, Census Tract 4516.01, Fairfax County, Virginia","1330","572","307","316","1023","524"
"1500000US510594525023","Block Group 3, Census Tract 4525.02, Fairfax County, Virginia","2619","658","1268","560","1351","584"
"1500000US510594301011","Block Group 1, Census Tract 4301.01, Fairfax County, Virginia","1443","239","1275","217","168","113"
"1500000US510594917021","Block Group 1, Census Tract 4917.02, Fairfax County, Virginia","1299","327","1136","283","163","177"
"1500000US510594607012","Block Group 2, Census Tract 4607.01, Fairfax County, Virginia","2195","332","1410","304","785","180"
"1500000US510594921001","Block Group 1, Census Tract 4921, Fairfax County, Virginia","1939","305","1868","315","71","110"
"1500000US510594819003","Block Group 3, Census Tract 4819, Fairfax County, Virginia","2330","349","2330","349","0","12"
"1500000US510594218003","Block Group 3, Census Tract 4218, Fairfax County, Virginia","1603","568","1017","345","586","417"
"1500000US510594506021","Block Group 1, Census Tract 4506.02, Fairfax County, Virginia","1283","325","1112","245","171","182"
"1500000US510594525022","Block Group 2, Census Tract 4525.02, Fairfax County, Virginia","2261","548","1498","437","763","369"
"1500000US510594216003","Block Group 3, Census Tract 4216, Fairfax County, Virginia","1541","617","718","258","823","537"
"1500000US510594612013","Block Group 3, Census Tract 4612.01, Fairfax County, Virginia","735","152","735","152","0","12"
"1500000US510594160001","Block Group 1, Census Tract 4160, Fairfax County, Virginia","1683","398","1447","347","236","161"
"1500000US510594607011","Block Group 1, Census Tract 4607.01, Fairfax County, Virginia","1336","262","1293","253","43","38"
"1500000US510594203002","Block Group 2, Census Tract 4203, Fairfax County, Virginia","1898","461","1682","419","216","190"
"1500000US510594615004","Block Group 4, Census Tract 4615, Fairfax County, Virginia","1985","368","1816","365","169","133"
"1500000US510594403002","Block Group 2, Census Tract 4403, Fairfax County, Virginia","1482","124","1460","123","22","23"
"1500000US510594526002","Block Group 2, Census Tract 4526, Fairfax County, Virginia","2335","484","1991","587","344","396"
"1500000US510594604003","Block Group 3, Census Tract 4604, Fairfax County, Virginia","1124","323","1047","299","77","111"
"1500000US510594401002","Block Group 2, Census Tract 4401, Fairfax County, Virginia","2099","383","1890","303","209","237"
"1500000US510594811042","Block Group 2, Census Tract 4811.04, Fairfax County, Virginia","924","325","862","309","62","96"
"1500000US510594211021","Block Group 1, Census Tract 4211.02, Fairfax County, Virginia","1488","256","1380","250","108","100"
"1500000US510594712021","Block Group 1, Census Tract 4712.02, Fairfax County, Virginia","1641","361","1570","363","71","90"
"1500000US510594814002","Block Group 2, Census Tract 4814, Fairfax County, Virginia","2426","398","2415","398","11","18"
"1500000US510594814001","Block Group 1, Census Tract 4814, Fairfax County, Virginia","1031","198","1002","195","29","34"
"1500000US510594214002","Block Group 2, Census Tract 4214, Fairfax County, Virginia","978","360","910","353","68","69"
"1500000US510594502001","Block Group 1, Census Tract 4502, Fairfax County, Virginia","2747","466","1486","440","1261","552"
"1500000US510594308021","Block Group 1, Census Tract 4308.02, Fairfax County, Virginia","1397","200","1242","199","155","101"
"1500000US510594913011","Block Group 1, Census Tract 4913.01, Fairfax County, Virginia","662","227","626","229","36","67"
"1500000US510594901032","Block Group 2, Census Tract 4901.03, Fairfax County, Virginia","1934","665","580","216","1354","633"
"1500000US510594324021","Block Group 1, Census Tract 4324.02, Fairfax County, Virginia","1476","188","1471","190","5","8"
"1500000US510594712023","Block Group 3, Census Tract 4712.02, Fairfax County, Virginia","1085","344","957","322","128","122"
"1500000US510594817023","Block Group 3, Census Tract 4817.02, Fairfax County, Virginia","660","124","614","115","46","44"
"1500000US510594811031","Block Group 1, Census Tract 4811.03, Fairfax County, Virginia","1890","257","1796","249","94","75"
"1500000US510594809033","Block Group 3, Census Tract 4809.03, Fairfax County, Virginia","1757","433","672","223","1085","441"
"1500000US510594911033","Block Group 3, Census Tract 4911.03, Fairfax County, Virginia","1372","447","1372","447","0","12"
"1500000US510594917033","Block Group 3, Census Tract 4917.03, Fairfax County, Virginia","1229","348","1011","292","218","214"
"1500000US510594805032","Block Group 2, Census Tract 4805.03, Fairfax County, Virginia","1956","201","1812","202","144","91"
"1500000US510594911011","Block Group 1, Census Tract 4911.01, Fairfax County, Virginia","1645","183","1532","180","113","86"
"1500000US510594705001","Block Group 1, Census Tract 4705, Fairfax County, Virginia","1193","324","1193","324","0","12"
"1500000US510594713012","Block Group 2, Census Tract 4713.01, Fairfax County, Virginia","2508","380","1976","252","532","331"
"1500000US510594511002","Block Group 2, Census Tract 4511, Fairfax County, Virginia","1318","240","955","164","363","188"
"1500000US510594808022","Block Group 2, Census Tract 4808.02, Fairfax County, Virginia","1971","330","1603","288","368","226"
"1500000US510594405011","Block Group 1, Census Tract 4405.01, Fairfax County, Virginia","2236","388","1800","307","436","257"
"1500000US510594408002","Block Group 2, Census Tract 4408, Fairfax County, Virginia","1091","370","813","251","278","399"
"1500000US510594208003","Block Group 3, Census Tract 4208, Fairfax County, Virginia","2027","362","1305","179","722","410"
"1500000US510594825042","Block Group 2, Census Tract 4825.04, Fairfax County, Virginia","1908","275","1425","247","483","244"
"1500000US510594405022","Block Group 2, Census Tract 4405.02, Fairfax County, Virginia","1296","163","1267","169","29","28"
"1500000US510594619012","Block Group 2, Census Tract 4619.01, Fairfax County, Virginia","2118","274","2005","252","113","76"
"1500000US510594901013","Block Group 3, Census Tract 4901.01, Fairfax County, Virginia","2297","295","2033","298","264","106"
"1500000US510594910001","Block Group 1, Census Tract 4910, Fairfax County, Virginia","1815","232","1768","222","47","50"
"1500000US510594823021","Block Group 1, Census Tract 4823.02, Fairfax County, Virginia","2318","431","1948","415","370","172"
"1500000US510594823022","Block Group 2, Census Tract 4823.02, Fairfax County, Virginia","2297","422","1743","406","554","206"
"1500000US510594618022","Block Group 2, Census Tract 4618.02, Fairfax County, Virginia","2112","437","1653","369","459","333"
"1500000US510594323001","Block Group 1, Census Tract 4323, Fairfax County, Virginia","2277","256","1978","231","299","160"
"1500000US510594703001","Block Group 1, Census Tract 4703, Fairfax County, Virginia","2252","207","2144","190","108","89"
"1500000US510594616012","Block Group 2, Census Tract 4616.01, Fairfax County, Virginia","1827","381","1808","386","19","30"
"1500000US510594603001","Block Group 1, Census Tract 4603, Fairfax County, Virginia","601","109","538","95","63","52"
"1500000US510594820013","Block Group 3, Census Tract 4820.01, Fairfax County, Virginia","977","171","977","171","0","12"
"1500000US510594405023","Block Group 3, Census Tract 4405.02, Fairfax County, Virginia","1075","175","822","168","253","79"
"1500000US510594401001","Block Group 1, Census Tract 4401, Fairfax County, Virginia","1333","371","1217","327","116","131"
"1500000US510594215001","Block Group 1, Census Tract 4215, Fairfax County, Virginia","2641","666","1709","501","932","566"
"1500000US510594211013","Block Group 3, Census Tract 4211.01, Fairfax County, Virginia","2596","433","2424","428","172","125"
"1500000US510594914012","Block Group 2, Census Tract 4914.01, Fairfax County, Virginia","1722","445","1118","250","604","391"
"1500000US510594402021","Block Group 1, Census Tract 4402.02, Fairfax County, Virginia","1501","371","1409","363","92","90"
"1500000US510594808013","Block Group 3, Census Tract 4808.01, Fairfax County, Virginia","1286","308","404","182","882","299"
"1500000US510594216002","Block Group 2, Census Tract 4216, Fairfax County, Virginia","2401","589","1750","518","651","395"
"1500000US510594825043","Block Group 3, Census Tract 4825.04, Fairfax County, Virginia","1337","192","1213","206","124","118"
"1500000US510594502002","Block Group 2, Census Tract 4502, Fairfax County, Virginia","1630","310","1305","264","325","214"
"1500000US510594917024","Block Group 4, Census Tract 4917.02, Fairfax County, Virginia","822","406","822","406","0","12"
"1500000US510594318011","Block Group 1, Census Tract 4318.01, Fairfax County, Virginia","2200","306","1799","322","401","214"
"1500000US510594917011","Block Group 1, Census Tract 4917.01, Fairfax County, Virginia","800","199","736","162","64","96"
"1500000US510594528012","Block Group 2, Census Tract 4528.01, Fairfax County, Virginia","3147","833","3098","841","49","52"
"1500000US510594825012","Block Group 2, Census Tract 4825.01, Fairfax County, Virginia","1179","475","1054","411","125","146"
"1500000US510594516013","Block Group 3, Census Tract 4516.01, Fairfax County, Virginia","740","499","13","19","727","498"
"1500000US510594313003","Block Group 3, Census Tract 4313, Fairfax County, Virginia","1533","229","1295","220","238","228"
"1500000US510594714011","Block Group 1, Census Tract 4714.01, Fairfax County, Virginia","1299","255","1166","242","133","82"
"1500000US510594319002","Block Group 2, Census Tract 4319, Fairfax County, Virginia","1440","177","1376","191","64","90"
"1500000US510594915023","Block Group 3, Census Tract 4915.02, Fairfax County, Virginia","1684","387","1580","384","104","85"
"1500000US510594821001","Block Group 1, Census Tract 4821, Fairfax County, Virginia","1523","359","1016","329","507","321"
"1500000US510594820022","Block Group 2, Census Tract 4820.02, Fairfax County, Virginia","1497","183","1454","179","43","42"
"1500000US510594612022","Block Group 2, Census Tract 4612.02, Fairfax County, Virginia","2967","365","2634","380","333","154"
"1500000US510594154023","Block Group 3, Census Tract 4154.02, Fairfax County, Virginia","1244","319","956","211","288","241"
"1500000US510594704001","Block Group 1, Census Tract 4704, Fairfax County, Virginia","1063","168","1044","167","19","22"
"1500000US510594158001","Block Group 1, Census Tract 4158, Fairfax County, Virginia","1394","227","1365","226","29","33"
"1500000US510594811053","Block Group 3, Census Tract 4811.05, Fairfax County, Virginia","1396","147","1306","153","90","76"
"1500000US510594825021","Block Group 1, Census Tract 4825.02, Fairfax County, Virginia","815","145","781","147","34","32"
"1500000US510594527002","Block Group 2, Census Tract 4527, Fairfax County, Virginia","2501","442","1253","266","1248","355"
"1500000US510594920002","Block Group 2, Census Tract 4920, Fairfax County, Virginia","2175","337","2143","328","32","37"
"1500000US510594905012","Block Group 2, Census Tract 4905.01, Fairfax County, Virginia","1950","284","1835","247","115","148"
"1500000US510594905022","Block Group 2, Census Tract 4905.02, Fairfax County, Virginia","1267","361","1267","361","0","12"
"1500000US510594923001","Block Group 1, Census Tract 4923, Fairfax County, Virginia","1857","246","1400","210","457","133"
"1500000US510594802011","Block Group 1, Census Tract 4802.01, Fairfax County, Virginia","1456","228","1436","228","20","21"
"1500000US510594809031","Block Group 1, Census Tract 4809.03, Fairfax County, Virginia","857","190","831","190","26","35"
"1500000US510594507022","Block Group 2, Census Tract 4507.02, Fairfax County, Virginia","1609","417","1280","388","329","210"
"1500000US510594607021","Block Group 1, Census Tract 4607.02, Fairfax County, Virginia","1388","206","1283","197","105","87"
"1500000US510594222012","Block Group 2, Census Tract 4222.01, Fairfax County, Virginia","1613","204","1502","218","111","72"
"1500000US510594316003","Block Group 3, Census Tract 4316, Fairfax County, Virginia","2126","469","1795","494","331","206"
"1500000US510594608001","Block Group 1, Census Tract 4608, Fairfax County, Virginia","1227","227","1194","226","33","29"
"1500000US510594804021","Block Group 1, Census Tract 4804.02, Fairfax County, Virginia","2391","305","2228","300","163","138"
"1500000US510594318012","Block Group 2, Census Tract 4318.01, Fairfax County, Virginia","2200","277","1652","237","548","295"
"1500000US510594316002","Block Group 2, Census Tract 4316, Fairfax County, Virginia","1183","339","1050","286","133","131"
"1500000US510594802021","Block Group 1, Census Tract 4802.02, Fairfax County, Virginia","3195","474","2976","528","219","149"
"1500000US510594211011","Block Group 1, Census Tract 4211.01, Fairfax County, Virginia","641","254","617","260","24","41"
"1500000US510594825033","Block Group 3, Census Tract 4825.03, Fairfax County, Virginia","2260","225","2122","253","138","112"
"1500000US510594205033","Block Group 3, Census Tract 4205.03, Fairfax County, Virginia","578","202","461","181","117","115"
"1500000US510594515022","Block Group 2, Census Tract 4515.02, Fairfax County, Virginia","3230","513","1534","376","1696","442"
"1500000US510594825014","Block Group 4, Census Tract 4825.01, Fairfax County, Virginia","1907","769","1744","731","163","169"
"1500000US510594809013","Block Group 3, Census Tract 4809.01, Fairfax County, Virginia","2577","605","1314","396","1263","538"
"1500000US510594619011","Block Group 1, Census Tract 4619.01, Fairfax County, Virginia","1913","362","1232","358","681","255"
"1500000US510594804023","Block Group 3, Census Tract 4804.02, Fairfax County, Virginia","946","201","924","197","22","35"
"1500000US510594707004","Block Group 4, Census Tract 4707, Fairfax County, Virginia","1080","182","978","182","102","87"
"1500000US510594402022","Block Group 2, Census Tract 4402.02, Fairfax County, Virginia","453","203","439","188","14","24"
"1500000US510594714021","Block Group 1, Census Tract 4714.02, Fairfax County, Virginia","1879","302","1326","258","553","227"
"1500000US510594210021","Block Group 1, Census Tract 4210.02, Fairfax County, Virginia","898","201","803","191","95","84"
"1500000US510594515012","Block Group 2, Census Tract 4515.01, Fairfax County, Virginia","1015","465","650","315","365","391"
"1500000US510594912013","Block Group 3, Census Tract 4912.01, Fairfax County, Virginia","2066","444","1625","381","441","355"
"1500000US510594922022","Block Group 2, Census Tract 4922.02, Fairfax County, Virginia","2974","402","2879","407","95","93"
"1500000US510594304002","Block Group 2, Census Tract 4304, Fairfax County, Virginia","2490","414","1994","345","496","240"
"1500000US510594306003","Block Group 3, Census Tract 4306, Fairfax County, Virginia","1652","536","748","265","904","473"
"1500000US510594603002","Block Group 2, Census Tract 4603, Fairfax County, Virginia","2360","142","2179","134","181","103"
"1500000US510594222023","Block Group 3, Census Tract 4222.02, Fairfax County, Virginia","2392","446","2220","442","172","142"
"1500000US510594205022","Block Group 2, Census Tract 4205.02, Fairfax County, Virginia","718","104","571","96","147","94"
"1500000US510594707001","Block Group 1, Census Tract 4707, Fairfax County, Virginia","841","179","770","163","71","92"
"1500000US510594711003","Block Group 3, Census Tract 4711, Fairfax County, Virginia","694","260","554","225","140","171"
"1500000US510594922011","Block Group 1, Census Tract 4922.01, Fairfax County, Virginia","2017","177","1822","177","195","130"
"1500000US510594525013","Block Group 3, Census Tract 4525.01, Fairfax County, Virginia","1110","252","1028","252","82","101"
"1500000US510594163001","Block Group 1, Census Tract 4163, Fairfax County, Virginia","931","131","916","125","15","18"
"1500000US510594314001","Block Group 1, Census Tract 4314, Fairfax County, Virginia","1160","240","1052","252","108","92"
"1500000US510594801004","Block Group 4, Census Tract 4801, Fairfax County, Virginia","527","142","517","141","10","15"
"1500000US510594809021","Block Group 1, Census Tract 4809.02, Fairfax County, Virginia","2852","386","2066","331","786","456"
"1500000US510594210022","Block Group 2, Census Tract 4210.02, Fairfax County, Virginia","2379","300","2250","280","129","78"
"1500000US510594153003","Block Group 3, Census Tract 4153, Fairfax County, Virginia","1288","282","883","204","405","263"
"1500000US510594508002","Block Group 2, Census Tract 4508, Fairfax County, Virginia","1578","255","1309","277","269","190"
"1500000US510594922032","Block Group 2, Census Tract 4922.03, Fairfax County, Virginia","1328","158","1260","159","68","61"
"1500000US510594405021","Block Group 1, Census Tract 4405.02, Fairfax County, Virginia","5299","585","4873","535","426","130"
"1500000US510594522001","Block Group 1, Census Tract 4522, Fairfax County, Virginia","3206","898","1659","526","1547","832"
"1500000US510594805031","Block Group 1, Census Tract 4805.03, Fairfax County, Virginia","1261","182","1192","188","69","72"
"1500000US510594163002","Block Group 2, Census Tract 4163, Fairfax County, Virginia","1038","144","1003","144","35","33"
"1500000US510594825022","Block Group 2, Census Tract 4825.02, Fairfax County, Virginia","2126","206","2026","200","100","75"
"1500000US510594222021","Block Group 1, Census Tract 4222.02, Fairfax County, Virginia","2130","932","2076","952","54","68"
"1500000US510594324011","Block Group 1, Census Tract 4324.01, Fairfax County, Virginia","2440","224","2217","241","223","119"
"1500000US510594915012","Block Group 2, Census Tract 4915.01, Fairfax County, Virginia","2063","417","1982","400","81","117"
"1500000US510594308022","Block Group 2, Census Tract 4308.02, Fairfax County, Virginia","1278","253","940","228","338","171"
"1500000US510594706001","Block Group 1, Census Tract 4706, Fairfax County, Virginia","1098","164","968","154","130","115"
"1500000US510594159002","Block Group 2, Census Tract 4159, Fairfax County, Virginia","2440","177","2237","166","203","81"
"1500000US510594503001","Block Group 1, Census Tract 4503, Fairfax County, Virginia","1019","296","893","248","126","111"
"1500000US510594823011","Block Group 1, Census Tract 4823.01, Fairfax County, Virginia","2113","328","1895","343","218","165"
"1500000US510594713033","Block Group 3, Census Tract 4713.03, Fairfax County, Virginia","2164","398","1432","270","732","411"
"1500000US510594713032","Block Group 2, Census Tract 4713.03, Fairfax County, Virginia","1353","295","1308","292","45","41"
"1500000US510594825011","Block Group 1, Census Tract 4825.01, Fairfax County, Virginia","2340","698","2201","679","139","141"
"1500000US510594811063","Block Group 3, Census Tract 4811.06, Fairfax County, Virginia","2535","251","2332","242","203","111"
"1500000US510594823032","Block Group 2, Census Tract 4823.03, Fairfax County, Virginia","842","180","774","164","68","72"
"1500000US510594316001","Block Group 1, Census Tract 4316, Fairfax County, Virginia","5174","540","4834","570","340","264"
"1500000US510594208002","Block Group 2, Census Tract 4208, Fairfax County, Virginia","1150","202","1017","155","133","144"
"1500000US510594160002","Block Group 2, Census Tract 4160, Fairfax County, Virginia","3265","603","2194","454","1071","550"
"1500000US510594826023","Block Group 3, Census Tract 4826.02, Fairfax County, Virginia","1636","298","1618","288","18","28"
"1500000US510594515014","Block Group 4, Census Tract 4515.01, Fairfax County, Virginia","1130","361","1025","328","105","114"
"1500000US510594612023","Block Group 3, Census Tract 4612.02, Fairfax County, Virginia","2276","555","2235","563","41","39"
"1500000US510594217021","Block Group 1, Census Tract 4217.02, Fairfax County, Virginia","2662","576","1137","260","1525","551"
"1500000US510594221012","Block Group 2, Census Tract 4221.01, Fairfax County, Virginia","1913","370","1773","367","140","155"
"1500000US510594616022","Block Group 2, Census Tract 4616.02, Fairfax County, Virginia","1198","405","825","269","373","368"
"1500000US510594801003","Block Group 3, Census Tract 4801, Fairfax County, Virginia","691","155","590","133","101","129"
"1500000US510594223021","Block Group 1, Census Tract 4223.02, Fairfax County, Virginia","634","201","604","199","30","48"
"1500000US510594804011","Block Group 1, Census Tract 4804.01, Fairfax County, Virginia","1530","296","1509","303","21","33"
"1500000US510594162001","Block Group 1, Census Tract 4162, Fairfax County, Virginia","1846","400","1646","343","200","177"
"1500000US510594325001","Block Group 1, Census Tract 4325, Fairfax County, Virginia","1538","180","1441","186","97","66"
"1500000US510594522003","Block Group 3, Census Tract 4522, Fairfax County, Virginia","1108","446","847","356","261","214"
"1500000US510594221022","Block Group 2, Census Tract 4221.02, Fairfax County, Virginia","1523","459","1452","462","71","66"
"1500000US510594506011","Block Group 1, Census Tract 4506.01, Fairfax County, Virginia","1129","234","1107","238","22","27"
"1500000US510594306001","Block Group 1, Census Tract 4306, Fairfax County, Virginia","2478","803","1265","397","1213","784"
"1500000US510594917022","Block Group 2, Census Tract 4917.02, Fairfax County, Virginia","1466","412","1138","290","328","258"
"1500000US510594805053","Block Group 3, Census Tract 4805.05, Fairfax County, Virginia","707","185","695","182","12","19"
"1500000US510594206001","Block Group 1, Census Tract 4206, Fairfax County, Virginia","1586","305","1025","172","561","293"
"1500000US510594154022","Block Group 2, Census Tract 4154.02, Fairfax County, Virginia","845","218","716","138","129","167"
"1500000US510594804022","Block Group 2, Census Tract 4804.02, Fairfax County, Virginia","2465","318","2351","321","114","80"
"1500000US510594513002","Block Group 2, Census Tract 4513, Fairfax County, Virginia","1117","149","999","142","118","71"
"1500000US510594327022","Block Group 2, Census Tract 4327.02, Fairfax County, Virginia","1967","350","1589","326","378","116"
"1500000US510594203003","Block Group 3, Census Tract 4203, Fairfax County, Virginia","1031","394","565","225","466","418"
"1500000US510594822033","Block Group 3, Census Tract 4822.03, Fairfax County, Virginia","1021","207","991","216","30","46"
"1500000US510594822032","Block Group 2, Census Tract 4822.03, Fairfax County, Virginia","883","336","824","330","59","67"
"1500000US510594221013","Block Group 3, Census Tract 4221.01, Fairfax County, Virginia","1479","613","948","493","531","474"
"1500000US510594913022","Block Group 2, Census Tract 4913.02, Fairfax County, Virginia","1177","196","1117","192","60","74"
"1500000US510594217012","Block Group 2, Census Tract 4217.01, Fairfax County, Virginia","1843","475","917","298","926","391"
"1500000US510594222022","Block Group 2, Census Tract 4222.02, Fairfax County, Virginia","2086","481","2005","487","81","81"
"1500000US510594705002","Block Group 2, Census Tract 4705, Fairfax County, Virginia","2392","421","2392","421","0","12"
"1500000US510594309021","Block Group 1, Census Tract 4309.02, Fairfax County, Virginia","1288","260","1140","259","148","146"
"1500000US510594809014","Block Group 4, Census Tract 4809.01, Fairfax County, Virginia","879","160","773","183","106","79"
"1500000US510594307002","Block Group 2, Census Tract 4307, Fairfax County, Virginia","1264","244","872","161","392","180"
"1500000US510594503002","Block Group 2, Census Tract 4503, Fairfax County, Virginia","542","281","374","217","168","189"
"1500000US510594812023","Block Group 3, Census Tract 4812.02, Fairfax County, Virginia","2342","592","1231","334","1111","505"
"1500000US510594914041","Block Group 1, Census Tract 4914.04, Fairfax County, Virginia","1341","193","1264","181","77","70"
"1500000US510594803001","Block Group 1, Census Tract 4803, Fairfax County, Virginia","3734","556","3627","557","107","102"
"1500000US510594817022","Block Group 2, Census Tract 4817.02, Fairfax County, Virginia","2207","460","1910","280","297","344"
"1500000US510594914011","Block Group 1, Census Tract 4914.01, Fairfax County, Virginia","1838","299","1558","255","280","179"
"1500000US510594301021","Block Group 1, Census Tract 4301.02, Fairfax County, Virginia","3270","230","2933","214","337","105"
"1500000US510594306002","Block Group 2, Census Tract 4306, Fairfax County, Virginia","1322","403","793","256","529","265"
"1500000US510594527001","Block Group 1, Census Tract 4527, Fairfax County, Virginia","2159","432","1588","381","571","248"
"1500000US510594917031","Block Group 1, Census Tract 4917.03, Fairfax County, Virginia","2137","353","2046","358","91","64"
"1500000US510594817011","Block Group 1, Census Tract 4817.01, Fairfax County, Virginia","1843","296","1753","286","90","112"
"1500000US510594817012","Block Group 2, Census Tract 4817.01, Fairfax County, Virginia","2642","245","2579","253","63","54"
"1500000US510594219003","Block Group 3, Census Tract 4219, Fairfax County, Virginia","269","123","214","108","55","37"
"1500000US510594922012","Block Group 2, Census Tract 4922.01, Fairfax County, Virginia","1006","150","917","153","89","77"
"1500000US510594811022","Block Group 2, Census Tract 4811.02, Fairfax County, Virginia","390","135","346","133","44","42"
"1500000US510594523021","Block Group 1, Census Tract 4523.02, Fairfax County, Virginia","3271","554","1042","339","2229","619"
"1500000US510594823012","Block Group 2, Census Tract 4823.01, Fairfax County, Virginia","2708","354","2303","374","405","277"
"1500000US510594214003","Block Group 3, Census Tract 4214, Fairfax County, Virginia","1684","703","755","359","929","608"
"1500000US510594808023","Block Group 3, Census Tract 4808.02, Fairfax County, Virginia","867","222","737","198","130","136"
"1500000US510594913013","Block Group 3, Census Tract 4913.01, Fairfax County, Virginia","1505","427","1282","384","223","263"
"1500000US510594615001","Block Group 1, Census Tract 4615, Fairfax County, Virginia","1045","305","1031","309","14","23"
"1500000US510594918012","Block Group 2, Census Tract 4918.01, Fairfax County, Virginia","1271","198","1178","229","93","104"
"1500000US510594822011","Block Group 1, Census Tract 4822.01, Fairfax County, Virginia","2403","223","1800","234","603","283"
"1500000US510594223024","Block Group 4, Census Tract 4223.02, Fairfax County, Virginia","1698","345","1504","362","194","116"
"1500000US510594918031","Block Group 1, Census Tract 4918.03, Fairfax County, Virginia","2398","505","2298","477","100","93"
"1500000US510594506014","Block Group 4, Census Tract 4506.01, Fairfax County, Virginia","579","161","579","161","0","12"
"1500000US510594515013","Block Group 3, Census Tract 4515.01, Fairfax County, Virginia","1962","443","1374","297","588","315"
"1500000US510594223011","Block Group 1, Census Tract 4223.01, Fairfax County, Virginia","1666","340","1305","292","361","206"
"1500000US510594210023","Block Group 3, Census Tract 4210.02, Fairfax County, Virginia","1593","337","1276","348","317","182"
"1500000US510594913032","Block Group 2, Census Tract 4913.03, Fairfax County, Virginia","3129","422","2265","451","864","347"
"1500000US510594616013","Block Group 3, Census Tract 4616.01, Fairfax County, Virginia","3622","681","3054","519","568","614"
"1500000US510594323003","Block Group 3, Census Tract 4323, Fairfax County, Virginia","1851","274","1786","270","65","58"
"1500000US510594528014","Block Group 4, Census Tract 4528.01, Fairfax County, Virginia","418","137","403","139","15","23"
"1500000US510594812011","Block Group 1, Census Tract 4812.01, Fairfax County, Virginia","1147","65","1094","77","53","41"
"1500000US510594820012","Block Group 2, Census Tract 4820.01, Fairfax County, Virginia","2709","197","2510","225","199","113"
"1500000US510594701001","Block Group 1, Census Tract 4701, Fairfax County, Virginia","828","155","805","157","23","30"
"1500000US510594519001","Block Group 1, Census Tract 4519, Fairfax County, Virginia","1665","450","1453","393","212","272"
"1500000US510594911032","Block Group 2, Census Tract 4911.03, Fairfax County, Virginia","2224","467","1547","355","677","306"
"1500000US510594514002","Block Group 2, Census Tract 4514, Fairfax County, Virginia","1279","328","643","209","636","300"
"1500000US510594528021","Block Group 1, Census Tract 4528.02, Fairfax County, Virginia","1340","228","1232","226","108","70"
"1500000US510594709004","Block Group 4, Census Tract 4709, Fairfax County, Virginia","1054","286","1018","303","36","98"
"1500000US510594315001","Block Group 1, Census Tract 4315, Fairfax County, Virginia","2389","249","2145","245","244","140"
"1500000US510594824001","Block Group 1, Census Tract 4824, Fairfax County, Virginia","2292","93","2105","124","187","109"
"1500000US510594522004","Block Group 4, Census Tract 4522, Fairfax County, Virginia","781","361","781","361","0","12"
"1500000US510594162002","Block Group 2, Census Tract 4162, Fairfax County, Virginia","3507","428","3061","454","446","215"
"1500000US510594612021","Block Group 1, Census Tract 4612.02, Fairfax County, Virginia","1115","330","1095","326","20","38"
"1500000US510594223012","Block Group 2, Census Tract 4223.01, Fairfax County, Virginia","1580","330","1391","280","189","186"
"1500000US510594524001","Block Group 1, Census Tract 4524, Fairfax County, Virginia","1153","399","1047","352","106","155"
"1500000US510594801002","Block Group 2, Census Tract 4801, Fairfax County, Virginia","1424","201","1331","194","93","60"
"1500000US510594203001","Block Group 1, Census Tract 4203, Fairfax County, Virginia","2259","424","1966","393","293","255"
"1500000US510594153002","Block Group 2, Census Tract 4153, Fairfax County, Virginia","1491","286","1209","260","282","139"
"1500000US510594516012","Block Group 2, Census Tract 4516.01, Fairfax County, Virginia","1176","514","71","87","1105","531"
"1500000US510594527003","Block Group 3, Census Tract 4527, Fairfax County, Virginia","752","167","680","160","72","63"
"1500000US510594218001","Block Group 1, Census Tract 4218, Fairfax County, Virginia","1749","438","1697","436","52","52"
"1500000US510594916013","Block Group 3, Census Tract 4916.01, Fairfax County, Virginia","1301","248","1268","237","33","35"
"1500000US510594217022","Block Group 2, Census Tract 4217.02, Fairfax County, Virginia","2356","513","1810","369","546","401"
"1500000US510594711005","Block Group 5, Census Tract 4711, Fairfax County, Virginia","1568","388","1433","383","135","125"
"1500000US510594914021","Block Group 1, Census Tract 4914.02, Fairfax County, Virginia","2676","406","2250","339","426","367"
"1500000US510594914031","Block Group 1, Census Tract 4914.03, Fairfax County, Virginia","2516","268","2278","270","238","131"
"1500000US510594308011","Block Group 1, Census Tract 4308.01, Fairfax County, Virginia","1908","253","1679","236","229","138"
"1500000US510594204002","Block Group 2, Census Tract 4204, Fairfax County, Virginia","1571","268","1459","255","112","66"
"1500000US510594323002","Block Group 2, Census Tract 4323, Fairfax County, Virginia","1257","341","1101","355","156","95"
"1500000US510594924001","Block Group 1, Census Tract 4924, Fairfax County, Virginia","2080","302","1601","219","479","207"
"1500000US510594617001","Block Group 1, Census Tract 4617, Fairfax County, Virginia","2454","510","2214","454","240","228"
"1500000US510594503004","Block Group 4, Census Tract 4503, Fairfax County, Virginia","711","251","581","204","130","208"
"1500000US510594308012","Block Group 2, Census Tract 4308.01, Fairfax County, Virginia","2763","278","2233","220","530","188"
"1500000US510594328001","Block Group 1, Census Tract 4328, Fairfax County, Virginia","2358","194","2172","212","186","102"
"1500000US510594214001","Block Group 1, Census Tract 4214, Fairfax County, Virginia","4238","1206","2686","695","1552","1012"
"1500000US510594826012","Block Group 2, Census Tract 4826.01, Fairfax County, Virginia","3600","434","2967","337","633","295"
"1500000US510594519003","Block Group 3, Census Tract 4519, Fairfax County, Virginia","1418","518","986","413","432","400"
"1500000US510594302011","Block Group 1, Census Tract 4302.01, Fairfax County, Virginia","2569","414","2353","404","216","106"
"1500000US510594601002","Block Group 2, Census Tract 4601, Fairfax County, Virginia","1886","230","1858","229","28","25"
"1500000US510594301013","Block Group 3, Census Tract 4301.01, Fairfax County, Virginia","1969","311","1811","299","158","106"
"1500000US510594914014","Block Group 4, Census Tract 4914.01, Fairfax County, Virginia","550","154","524","152","26","32"
"1500000US510594301012","Block Group 2, Census Tract 4301.01, Fairfax County, Virginia","1294","225","1171","234","123","135"
"1500000US510594501004","Block Group 4, Census Tract 4501, Fairfax County, Virginia","1081","306","790","238","291","209"
"1500000US510594526003","Block Group 3, Census Tract 4526, Fairfax County, Virginia","863","279","672","231","191","150"
"1500000US510594405013","Block Group 3, Census Tract 4405.01, Fairfax County, Virginia","1257","242","1191","233","66","68"
"1500000US510594525012","Block Group 2, Census Tract 4525.01, Fairfax County, Virginia","1647","293","1520","265","127","128"
"1500000US510594524004","Block Group 4, Census Tract 4524, Fairfax County, Virginia","2218","673","1268","467","950","560"
"1500000US510594408001","Block Group 1, Census Tract 4408, Fairfax County, Virginia","3044","434","2500","375","544","332"
"1500000US510594708001","Block Group 1, Census Tract 4708, Fairfax County, Virginia","967","208","927","204","40","53"
"1500000US510594518001","Block Group 1, Census Tract 4518, Fairfax County, Virginia","1396","366","883","213","513","349"
"1500000US510594922031","Block Group 1, Census Tract 4922.03, Fairfax County, Virginia","903","204","903","204","0","12"
"1500000US510594713041","Block Group 1, Census Tract 4713.04, Fairfax County, Virginia","1849","88","1779","94","70","52"
"1500000US510594212001","Block Group 1, Census Tract 4212, Fairfax County, Virginia","2057","95","1987","103","70","48"
"1500000US510594310021","Block Group 1, Census Tract 4310.02, Fairfax County, Virginia","2432","142","1924","149","508","128"
"1500000US510594523011","Block Group 1, Census Tract 4523.01, Fairfax County, Virginia","2619","354","1582","248","1037","332"
"1500000US510594608002","Block Group 2, Census Tract 4608, Fairfax County, Virginia","2009","226","1961","233","48","46"
"1500000US510594811061","Block Group 1, Census Tract 4811.06, Fairfax County, Virginia","1005","143","867","153","138","88"
"1500000US510594911022","Block Group 2, Census Tract 4911.02, Fairfax County, Virginia","1617","210","1419","230","198","167"
"1500000US510594202021","Block Group 1, Census Tract 4202.02, Fairfax County, Virginia","1776","197","1567","196","209","112"
"1500000US510594516021","Block Group 1, Census Tract 4516.02, Fairfax County, Virginia","874","245","655","187","219","236"
"1500000US510594814003","Block Group 3, Census Tract 4814, Fairfax County, Virginia","1975","318","1774","292","201","174"
"1500000US510594528011","Block Group 1, Census Tract 4528.01, Fairfax County, Virginia","1029","389","874","324","155","194"
"1500000US510594708002","Block Group 2, Census Tract 4708, Fairfax County, Virginia","2000","220","1852","220","148","90"
"1500000US510594211022","Block Group 2, Census Tract 4211.02, Fairfax County, Virginia","2155","197","1829","239","326","196"
"1500000US510594707005","Block Group 5, Census Tract 4707, Fairfax County, Virginia","1043","204","975","204","68","58"
"1500000US510594917051","Block Group 1, Census Tract 4917.05, Fairfax County, Virginia","3457","158","3308","158","149","68"
"1500000US510594805021","Block Group 1, Census Tract 4805.02, Fairfax County, Virginia","3075","303","2829","258","246","128"
"1500000US510594518002","Block Group 2, Census Tract 4518, Fairfax County, Virginia","2287","359","1705","231","582","333"
"1500000US510594825013","Block Group 3, Census Tract 4825.01, Fairfax County, Virginia","3962","1035","3686","951","276","217"
"1500000US510594618011","Block Group 1, Census Tract 4618.01, Fairfax County, Virginia","1535","159","1383","194","152","96"
"1500000US510594820011","Block Group 1, Census Tract 4820.01, Fairfax County, Virginia","1129","148","1074","152","55","64"
"1500000US510594407023","Block Group 3, Census Tract 4407.02, Fairfax County, Virginia","1868","208","1757","218","111","108"
"1500000US510594817013","Block Group 3, Census Tract 4817.01, Fairfax County, Virginia","1771","196","1716","192","55","53"
"1500000US510594901034","Block Group 4, Census Tract 4901.03, Fairfax County, Virginia","1342","270","1159","251","183","164"
"1500000US510594321002","Block Group 2, Census Tract 4321, Fairfax County, Virginia","2477","304","2226","283","251","132"
"1500000US510594152002","Block Group 2, Census Tract 4152, Fairfax County, Virginia","550","104","522","103","28","25"
"1500000US510594612012","Block Group 2, Census Tract 4612.01, Fairfax County, Virginia","1825","222","1654","201","171","125"
"1500000US510594224011","Block Group 1, Census Tract 4224.01, Fairfax County, Virginia","805","179","729","165","76","56"
"1500000US510594401003","Block Group 3, Census Tract 4401, Fairfax County, Virginia","3103","600","2542","488","561","453"
"1500000US510594407011","Block Group 1, Census Tract 4407.01, Fairfax County, Virginia","3016","169","2792","163","224","143"
"1500000US510594521011","Block Group 1, Census Tract 4521.01, Fairfax County, Virginia","1108","252","979","242","129","120"
"1500000US510594918022","Block Group 2, Census Tract 4918.02, Fairfax County, Virginia","1641","205","1445","181","196","224"
"1500000US510594302022","Block Group 2, Census Tract 4302.02, Fairfax County, Virginia","1516","235","1399","245","117","97"
"1500000US510594215002","Block Group 2, Census Tract 4215, Fairfax County, Virginia","3582","774","891","514","2691","653"
"1500000US510594816001","Block Group 1, Census Tract 4816, Fairfax County, Virginia","1797","205","1678","209","119","73"
"1500000US510599801001","Block Group 1, Census Tract 9801, Fairfax County, Virginia","5","6","5","6","0","12"
"1500000US510594153001","Block Group 1, Census Tract 4153, Fairfax County, Virginia","964","260","358","140","606","297"
"1500000US510594161002","Block Group 2, Census Tract 4161, Fairfax County, Virginia","992","204","944","197","48","37"
"1500000US510594221011","Block Group 1, Census Tract 4221.01, Fairfax County, Virginia","4220","678","2680","689","1540","821"
"1500000US510594713031","Block Group 1, Census Tract 4713.03, Fairfax County, Virginia","796","191","723","200","73","86"
"1500000US510594805051","Block Group 1, Census Tract 4805.05, Fairfax County, Virginia","1347","196","1152","192","195","114"
"1500000US510594605022","Block Group 2, Census Tract 4605.02, Fairfax County, Virginia","2096","332","1815","298","281","208"
"1500000US510594826024","Block Group 4, Census Tract 4826.02, Fairfax County, Virginia","1902","467","1678","458","224","133"
"1500000US510594513001","Block Group 1, Census Tract 4513, Fairfax County, Virginia","1393","159","1182","160","211","101"
"1500000US510594802031","Block Group 1, Census Tract 4802.03, Fairfax County, Virginia","2751","313","2681","302","70","89"
"1500000US510594611002","Block Group 2, Census Tract 4611, Fairfax County, Virginia","2266","343","2215","350","51","61"
"1500000US510594155001","Block Group 1, Census Tract 4155, Fairfax County, Virginia","1745","316","1745","316","0","12"
"1500000US510594310013","Block Group 3, Census Tract 4310.01, Fairfax County, Virginia","1912","286","1642","274","270","158"
"1500000US510594805023","Block Group 3, Census Tract 4805.02, Fairfax County, Virginia","2066","347","1680","243","386","243"
"1500000US510594403001","Block Group 1, Census Tract 4403, Fairfax County, Virginia","1147","118","1094","121","53","49"
"1500000US510594802022","Block Group 2, Census Tract 4802.02, Fairfax County, Virginia","1695","367","1626","372","69","67"
"1500000US510594159001","Block Group 1, Census Tract 4159, Fairfax County, Virginia","870","164","826","152","44","50"
"1500000US510594508001","Block Group 1, Census Tract 4508, Fairfax County, Virginia","761","205","596","171","165","127"
"1500000US510594610001","Block Group 1, Census Tract 4610, Fairfax County, Virginia","2586","163","2402","129","184","172"
"1500000US510594501002","Block Group 2, Census Tract 4501, Fairfax County, Virginia","2834","500","2142","435","692","560"
"1500000US510594510001","Block Group 1, Census Tract 4510, Fairfax County, Virginia","1119","201","880","156","239","127"
"1500000US510594914032","Block Group 2, Census Tract 4914.03, Fairfax County, Virginia","1331","218","1260","217","71","86"
"1500000US510594917032","Block Group 2, Census Tract 4917.03, Fairfax County, Virginia","1335","284","1155","268","180","154"
"1500000US510594801001","Block Group 1, Census Tract 4801, Fairfax County, Virginia","1418","210","1393","215","25","29"
"1500000US510594815001","Block Group 1, Census Tract 4815, Fairfax County, Virginia","2253","92","2177","108","76","56"
"1500000US510594921004","Block Group 4, Census Tract 4921, Fairfax County, Virginia","915","219","915","219","0","12"
"1500000US510594710001","Block Group 1, Census Tract 4710, Fairfax County, Virginia","2186","149","2142","152","44","28"
"1500000US510594320001","Block Group 1, Census Tract 4320, Fairfax County, Virginia","2319","243","2075","239","244","145"
"1500000US510594615003","Block Group 3, Census Tract 4615, Fairfax County, Virginia","1799","517","1739","507","60","79"
"1500000US510594320002","Block Group 2, Census Tract 4320, Fairfax County, Virginia","1300","301","1178","302","122","86"
"1500000US510594309011","Block Group 1, Census Tract 4309.01, Fairfax County, Virginia","2066","316","1982","302","84","79"
"1500000US510594307001","Block Group 1, Census Tract 4307, Fairfax County, Virginia","1521","213","1283","168","238","137"
"1500000US510594224022","Block Group 2, Census Tract 4224.02, Fairfax County, Virginia","839","244","784","249","55","92"
"1500000US510594503003","Block Group 3, Census Tract 4503, Fairfax County, Virginia","2504","414","1582","335","922","368"
"1500000US510594617002","Block Group 2, Census Tract 4617, Fairfax County, Virginia","2384","486","2012","473","372","221"
"1500000US510594327021","Block Group 1, Census Tract 4327.02, Fairfax County, Virginia","2494","349","1985","405","509","224"
"1500000US510594826013","Block Group 3, Census Tract 4826.01, Fairfax County, Virginia","1956","451","1900","450","56","93"
"1500000US510594913021","Block Group 1, Census Tract 4913.02, Fairfax County, Virginia","2374","272","2098","266","276","172"
"1500000US510594310011","Block Group 1, Census Tract 4310.01, Fairfax County, Virginia","1776","376","1664","386","112","96"
"1500000US510594210011","Block Group 1, Census Tract 4210.01, Fairfax County, Virginia","2710","232","2130","192","580","92"
"1500000US510594914042","Block Group 2, Census Tract 4914.04, Fairfax County, Virginia","2579","308","2413","308","166","142"
"1500000US510594915021","Block Group 1, Census Tract 4915.02, Fairfax County, Virginia","3106","480","2835","464","271","108"
"1500000US510594812022","Block Group 2, Census Tract 4812.02, Fairfax County, Virginia","1493","357","1061","296","432","292"
"1500000US510594154021","Block Group 1, Census Tract 4154.02, Fairfax County, Virginia","877","173","840","179","37","47"
"1500000US510594805052","Block Group 2, Census Tract 4805.05, Fairfax County, Virginia","1045","178","1015","170","30","36"
"1500000US510594819001","Block Group 1, Census Tract 4819, Fairfax County, Virginia","2447","507","2093","494","354","200"
"1500000US510594606001","Block Group 1, Census Tract 4606, Fairfax County, Virginia","1576","262","1527","234","49","54"
"1500000US510594701002","Block Group 2, Census Tract 4701, Fairfax County, Virginia","1789","155","1703","165","86","50"
"1500000US510594917013","Block Group 3, Census Tract 4917.01, Fairfax County, Virginia","1527","281","1374","270","153","147"
"1500000US510594920003","Block Group 3, Census Tract 4920, Fairfax County, Virginia","1908","281","1863","276","45","67"
"1500000US510594308023","Block Group 3, Census Tract 4308.02, Fairfax County, Virginia","1483","263","1049","182","434","235"
"1500000US510594912021","Block Group 1, Census Tract 4912.02, Fairfax County, Virginia","1633","205","1398","259","235","129"
"1500000US510594811062","Block Group 2, Census Tract 4811.06, Fairfax County, Virginia","1873","257","1820","260","53","37"
"1500000US510594205011","Block Group 1, Census Tract 4205.01, Fairfax County, Virginia","1795","172","1661","184","134","80"
"1500000US510594318021","Block Group 1, Census Tract 4318.02, Fairfax County, Virginia","2020","243","1927","243","93","77"
"1500000US510594924002","Block Group 2, Census Tract 4924, Fairfax County, Virginia","2548","350","2099","312","449","313"
"1500000US510594506022","Block Group 2, Census Tract 4506.02, Fairfax County, Virginia","1983","433","774","273","1209","404"
"1500000US510594602002","Block Group 2, Census Tract 4602, Fairfax County, Virginia","2210","360","2111","361","99","78"
"1500000US510594705003","Block Group 3, Census Tract 4705, Fairfax County, Virginia","799","200","778","196","21","23"
"1500000US510594611003","Block Group 3, Census Tract 4611, Fairfax County, Virginia","2846","614","2212","358","634","556"
"1500000US510594304003","Block Group 3, Census Tract 4304, Fairfax County, Virginia","2245","409","1936","395","309","182"
"1500000US510594314003","Block Group 3, Census Tract 4314, Fairfax County, Virginia","1983","352","1780","292","203","178"
"1500000US510594522002","Block Group 2, Census Tract 4522, Fairfax County, Virginia","2153","779","863","466","1290","668"
"1500000US510594817021","Block Group 1, Census Tract 4817.02, Fairfax County, Virginia","1949","313","1810","300","139","123"
"1500000US510594711002","Block Group 2, Census Tract 4711, Fairfax County, Virginia","1005","401","611","254","394","378"
"1500000US510594224012","Block Group 2, Census Tract 4224.01, Fairfax County, Virginia","1910","238","1615","229","295","188"
"1500000US510594202031","Block Group 1, Census Tract 4202.03, Fairfax County, Virginia","2844","127","2604","141","240","97"
"1500000US510594512001","Block Group 1, Census Tract 4512, Fairfax County, Virginia","889","98","865","97","24","22"
"1500000US510594506012","Block Group 2, Census Tract 4506.01, Fairfax County, Virginia","1306","370","842","211","464","319"
"1500000US510594218002","Block Group 2, Census Tract 4218, Fairfax County, Virginia","3271","919","1935","547","1336","767"
"1500000US510594305001","Block Group 1, Census Tract 4305, Fairfax County, Virginia","1792","101","1701","116","91","65"
"1500000US510594811052","Block Group 2, Census Tract 4811.05, Fairfax County, Virginia","2340","310","2241","315","99","81"
"1500000US510594611001","Block Group 1, Census Tract 4611, Fairfax County, Virginia","2077","343","1994","331","83","95"
"1500000US510594912011","Block Group 1, Census Tract 4912.01, Fairfax County, Virginia","890","311","771","303","119","109"
"1500000US510594918021","Block Group 1, Census Tract 4918.02, Fairfax County, Virginia","1381","251","1289","230","92","148"
"1500000US510594401004","Block Group 4, Census Tract 4401, Fairfax County, Virginia","985","288","985","288","0","12"
"1500000US510594528022","Block Group 2, Census Tract 4528.02, Fairfax County, Virginia","1515","235","1298","222","217","125"
"1500000US510594616014","Block Group 4, Census Tract 4616.01, Fairfax County, Virginia","991","322","926","321","65","106"
"1500000US510594820021","Block Group 1, Census Tract 4820.02, Fairfax County, Virginia","1778","151","1740","150","38","37"
"1500000US510594809022","Block Group 2, Census Tract 4809.02, Fairfax County, Virginia","1166","273","613","193","553","250"
"1500000US510594822034","Block Group 4, Census Tract 4822.03, Fairfax County, Virginia","1434","283","1351","288","83","81"
"1500000US510594215003","Block Group 3, Census Tract 4215, Fairfax County, Virginia","1117","477","650","375","467","269"
"1500000US510594810002","Block Group 2, Census Tract 4810, Fairfax County, Virginia","3938","603","1725","475","2213","557"
"1500000US510594811041","Block Group 1, Census Tract 4811.04, Fairfax County, Virginia","1507","235","1449","222","58","89"
"1500000US510594322022","Block Group 2, Census Tract 4322.02, Fairfax County, Virginia","1916","324","1698","292","218","174"
"1500000US510594607022","Block Group 2, Census Tract 4607.02, Fairfax County, Virginia","1792","226","1742","231","50","50"
"1500000US510594507021","Block Group 1, Census Tract 4507.02, Fairfax County, Virginia","3163","722","1045","243","2118","756"
"1500000US510594157002","Block Group 2, Census Tract 4157, Fairfax County, Virginia","2771","193","2583","220","188","142"
"1500000US510599802001","Block Group 1, Census Tract 9802, Fairfax County, Virginia","0","12","0","12","0","12"
"1500000US510594825015","Block Group 5, Census Tract 4825.01, Fairfax County, Virginia","841","448","604","378","237","270"
"1500000US510594205031","Block Group 1, Census Tract 4205.03, Fairfax County, Virginia","718","201","611","175","107","122"
"1500000US510594207002","Block Group 2, Census Tract 4207, Fairfax County, Virginia","2202","279","1903","234","299","171"
"1500000US510594322021","Block Group 1, Census Tract 4322.02, Fairfax County, Virginia","2943","331","2176","295","767","239"
"1500000US510594802012","Block Group 2, Census Tract 4802.01, Fairfax County, Virginia","1996","254","1954","265","42","35"
"1500000US510594521012","Block Group 2, Census Tract 4521.01, Fairfax County, Virginia","2248","345","1387","265","861","301"
"1500000US510594706002","Block Group 2, Census Tract 4706, Fairfax County, Virginia","1522","163","1412","159","110","98"
"1500000US510594510002","Block Group 2, Census Tract 4510, Fairfax County, Virginia","1539","239","1356","217","183","89"
"1500000US510594913031","Block Group 1, Census Tract 4913.03, Fairfax County, Virginia","1425","306","1173","259","252","205"
"1500000US510594324023","Block Group 3, Census Tract 4324.02, Fairfax County, Virginia","1604","220","1412","208","192","84"
"1500000US510594205032","Block Group 2, Census Tract 4205.03, Fairfax County, Virginia","2146","436","1862","457","284","227"
"1500000US510594805022","Block Group 2, Census Tract 4805.02, Fairfax County, Virginia","604","123","604","123","0","12"
"1500000US510594821002","Block Group 2, Census Tract 4821, Fairfax County, Virginia","2079","203","1787","202","292","182"
"1500000US510594914022","Block Group 2, Census Tract 4914.02, Fairfax County, Virginia","2127","444","1729","492","398","183"
"1500000US510594925001","Block Group 1, Census Tract 4925, Fairfax County, Virginia","2182","265","2136","271","46","57"
"1500000US510594917043","Block Group 3, Census Tract 4917.04, Fairfax County, Virginia","2057","448","1781","470","276","200"
"1500000US510594204001","Block Group 1, Census Tract 4204, Fairfax County, Virginia","1566","164","1308","194","258","187"
"1500000US510594309012","Block Group 2, Census Tract 4309.01, Fairfax County, Virginia","2214","314","1730","292","484","104"
"1500000US510594402023","Block Group 3, Census Tract 4402.02, Fairfax County, Virginia","2109","432","1742","393","367","247"
"1500000US510594601001","Block Group 1, Census Tract 4601, Fairfax County, Virginia","1191","204","1144","202","47","53"
"1500000US510594917042","Block Group 2, Census Tract 4917.04, Fairfax County, Virginia","1505","404","1434","389","71","92"
"1500000US510594805041","Block Group 1, Census Tract 4805.04, Fairfax County, Virginia","1975","120","1853","133","122","63"
"1500000US510594211032","Block Group 2, Census Tract 4211.03, Fairfax County, Virginia","2388","282","2151","269","237","119"
"1500000US510594709005","Block Group 5, Census Tract 4709, Fairfax County, Virginia","1413","299","1395","295","18","27"
"1500000US510594519002","Block Group 2, Census Tract 4519, Fairfax County, Virginia","2316","484","2149","447","167","129"
"1500000US510594203004","Block Group 4, Census Tract 4203, Fairfax County, Virginia","998","417","766","346","232","273"
"1500000US510594712012","Block Group 2, Census Tract 4712.01, Fairfax County, Virginia","367","84","302","74","65","58"
"1500000US510594214004","Block Group 4, Census Tract 4214, Fairfax County, Virginia","2251","834","792","281","1459","791"
"1500000US510594707002","Block Group 2, Census Tract 4707, Fairfax County, Virginia","1325","202","1240","205","85","75"
"1500000US510594915022","Block Group 2, Census Tract 4915.02, Fairfax County, Virginia","2305","411","2225","380","80","75"
"1500000US510594326002","Block Group 2, Census Tract 4326, Fairfax County, Virginia","2453","301","2058","245","395","246"
"1500000US510594605011","Block Group 1, Census Tract 4605.01, Fairfax County, Virginia","2592","182","2451","203","141","87"
"1500000US510594825031","Block Group 1, Census Tract 4825.03, Fairfax County, Virginia","1778","190","1706","189","72","71"
"1500000US510594221021","Block Group 1, Census Tract 4221.02, Fairfax County, Virginia","1913","507","1543","419","370","278"
"1500000US510594917023","Block Group 3, Census Tract 4917.02, Fairfax County, Virginia","2255","543","1986","520","269","330"
"1500000US510594407021","Block Group 1, Census Tract 4407.02, Fairfax County, Virginia","2597","282","2444","290","153","109"
"1500000US510594151001","Block Group 1, Census Tract 4151, Fairfax County, Virginia","1424","317","1395","314","29","31"
"1500000US510594313002","Block Group 2, Census Tract 4313, Fairfax County, Virginia","1827","297","1660","277","167","123"
"1500000US510594704002","Block Group 2, Census Tract 4704, Fairfax County, Virginia","1254","204","1166","217","88","78"
"1500000US510594901033","Block Group 3, Census Tract 4901.03, Fairfax County, Virginia","1513","366","1139","229","374","369"
"1500000US510594609001","Block Group 1, Census Tract 4609, Fairfax County, Virginia","2521","115","2355","136","166","81"
"1500000US510594711004","Block Group 4, Census Tract 4711, Fairfax County, Virginia","2244","431","1634","370","610","386"
"1500000US510594922023","Block Group 3, Census Tract 4922.02, Fairfax County, Virginia","2164","465","2148","462","16","25"
"1500000US510594523012","Block Group 2, Census Tract 4523.01, Fairfax County, Virginia","735","194","604","182","131","109"
"1500000US510594154012","Block Group 2, Census Tract 4154.01, Fairfax County, Virginia","2685","693","1632","497","1053","576"
"1500000US510594154013","Block Group 3, Census Tract 4154.01, Fairfax County, Virginia","1388","639","647","377","741","605"
"1500000US510594925002","Block Group 2, Census Tract 4925, Fairfax County, Virginia","1898","220","1842","206","56","59"
"1500000US510594803003","Block Group 3, Census Tract 4803, Fairfax County, Virginia","3003","407","2944","408","59","80"
"1500000US510594152001","Block Group 1, Census Tract 4152, Fairfax County, Virginia","897","208","846","205","51","42"
"1500000US510594606002","Block Group 2, Census Tract 4606, Fairfax County, Virginia","2419","268","2349","266","70","59"
"1500000US510594619021","Block Group 1, Census Tract 4619.02, Fairfax County, Virginia","2037","281","916","246","1121","369"
"1500000US510594709003","Block Group 3, Census Tract 4709, Fairfax County, Virginia","842","241","842","241","0","12"
"1500000US510594512002","Block Group 2, Census Tract 4512, Fairfax County, Virginia","755","90","646","91","109","97"
"1500000US510594712022","Block Group 2, Census Tract 4712.02, Fairfax County, Virginia","2368","498","1697","340","671","484"
"1500000US510594507011","Block Group 1, Census Tract 4507.01, Fairfax County, Virginia","2937","207","2454","201","483","140"
"1500000US510594809032","Block Group 2, Census Tract 4809.03, Fairfax County, Virginia","1558","391","1340","269","218","309"
"1500000US510594811021","Block Group 1, Census Tract 4811.02, Fairfax County, Virginia","3268","290","3191","295","77","55"
"1500000US510594705004","Block Group 4, Census Tract 4705, Fairfax County, Virginia","967","214","942","216","25","41"
"1500000US510594524002","Block Group 2, Census Tract 4524, Fairfax County, Virginia","1069","392","1039","376","30","48"
"1500000US510594407022","Block Group 2, Census Tract 4407.02, Fairfax County, Virginia","1211","358","916","166","295","315"
"1500000US510594822021","Block Group 1, Census Tract 4822.02, Fairfax County, Virginia","738","189","678","170","60","65"
"1500000US510594805012","Block Group 2, Census Tract 4805.01, Fairfax County, Virginia","1263","236","1168","233","95","82"
"1500000US510594202022","Block Group 2, Census Tract 4202.02, Fairfax County, Virginia","214","102","196","94","18","24"
"1500000US510594154011","Block Group 1, Census Tract 4154.01, Fairfax County, Virginia","895","329","751","322","144","204"
"1500000US510594916011","Block Group 1, Census Tract 4916.01, Fairfax County, Virginia","1068","326","324","185","744","339"
"1500000US510594918033","Block Group 3, Census Tract 4918.03, Fairfax County, Virginia","3030","588","2755","575","275","247"
"1500000US510594327011","Block Group 1, Census Tract 4327.01, Fairfax County, Virginia","3061","213","2885","170","176","158"
"1500000US510594528013","Block Group 3, Census Tract 4528.01, Fairfax County, Virginia","1092","237","969","241","123","100"
"1500000US510594221023","Block Group 3, Census Tract 4221.02, Fairfax County, Virginia","2128","780","1336","713","792","583"
"1500000US510594224021","Block Group 1, Census Tract 4224.02, Fairfax County, Virginia","2936","454","2674","395","262","221"
"1500000US510594921002","Block Group 2, Census Tract 4921, Fairfax County, Virginia","1418","313","1365","322","53","89"
"1500000US510594805013","Block Group 3, Census Tract 4805.01, Fairfax County, Virginia","1347","233","1233","242","114","95"
"1500000US510594616021","Block Group 1, Census Tract 4616.02, Fairfax County, Virginia","2619","326","2441","321","178","117"
"1500000US510594313001","Block Group 1, Census Tract 4313, Fairfax County, Virginia","1005","195","944","191","61","77"
"1500000US510594525021","Block Group 1, Census Tract 4525.02, Fairfax County, Virginia","903","346","859","323","44","84"
"1500000US510594605023","Block Group 3, Census Tract 4605.02, Fairfax County, Virginia","2110","478","1944","471","166","116"
"1500000US510594158002","Block Group 2, Census Tract 4158, Fairfax County, Virginia","1832","219","1746","220","86","67"
"1500000US510594201001","Block Group 1, Census Tract 4201, Fairfax County, Virginia","1278","335","620","226","658","312"
"1500000US510594822022","Block Group 2, Census Tract 4822.02, Fairfax County, Virginia","873","205","793","206","80","73"
"1500000US510594505001","Block Group 1, Census Tract 4505, Fairfax County, Virginia","1028","227","503","114","525","203"
"1500000US510594405012","Block Group 2, Census Tract 4405.01, Fairfax County, Virginia","1688","301","1479","243","209","148"
"1500000US510594324022","Block Group 2, Census Tract 4324.02, Fairfax County, Virginia","1823","249","1431","196","392","238"
"1500000US510594223022","Block Group 2, Census Tract 4223.02, Fairfax County, Virginia","2549","749","2442","738","107","75"
"1500000US510594211012","Block Group 2, Census Tract 4211.01, Fairfax County, Virginia","3059","664","2509","593","550","208"
"1500000US510594602001","Block Group 1, Census Tract 4602, Fairfax County, Virginia","1948","218","1836","194","112","120"
"1500000US510594515011","Block Group 1, Census Tract 4515.01, Fairfax County, Virginia","1220","576","820","367","400","507"
"1500000US510594224032","Block Group 2, Census Tract 4224.03, Fairfax County, Virginia","1797","203","1525","166","272","145"
"1500000US510594915013","Block Group 3, Census Tract 4915.01, Fairfax County, Virginia","1758","317","1641","291","117","166"
"1500000US510594615005","Block Group 5, Census Tract 4615, Fairfax County, Virginia","1049","318","1014","332","35","41"
"1500000US510594905021","Block Group 1, Census Tract 4905.02, Fairfax County, Virginia","2310","329","2256","310","54","106"
